Time_stamp,Flight_Phase,Engine_Temperature,Vibration_Levels,Fuel_Consumption,Engine_RPM,Failure_Report
1/1/2024 0:00,Climb,874.8357077,0.439935544,2162.410863,6046.096221,No Failure
1/1/2024 0:10,Takeoff,843.0867849,0.392463368,2427.740665,6569.807495,No Failure
1/1/2024 0:20,Descent,882.3844269,0.305963037,2103.79004,6793.197233,No Failure
1/1/2024 0:30,Landing,926.1514928,0.235306322,2346.019235,7943.843829,No Failure
1/1/2024 0:40,Descent,838.2923313,0.369822331,1553.192667,7278.276562,No Failure
1/1/2024 0:50,Taxi,838.2931522,0.339348539,2606.646854,6332.259215,No Failure
1/1/2024 1:00,Landing,928.9606408,0.389519322,2500.602738,7243.018145,No Failure
1/1/2024 1:10,Taxi,888.3717365,0.36351718,2091.455684,6226.348006,No Failure
1/1/2024 1:20,Climb,826.5262807,0.404955272,2829.622834,7541.345527,No Failure
1/1/2024 1:30,Takeoff,877.1280022,0.246476479,2968.785069,6764.437674,No Failure
1/1/2024 1:40,Cruise,826.8291154,0.431739407,1696.220068,6953.181906,No Failure
1/1/2024 1:50,Taxi,826.7135123,0.31975996,2118.637611,7662.898324,No Failure
1/1/2024 2:00,Cruise,862.0981136,0.507526087,2115.428825,6356.418216,No Failure
1/1/2024 2:10,Cruise,754.3359878,0.231081218,2030.048449,6301.440907,No Failure
1/1/2024 2:20,Takeoff,763.7541084,0.47359638,2914.737421,6708.200337,No Failure
1/1/2024 2:30,Climb,821.8856235,0.319791078,2403.086931,7519.189426,No Failure
1/1/2024 2:40,Takeoff,799.358444,0.2348582,2367.742579,6240.326962,No Failure
1/1/2024 2:50,Landing,865.7123666,0.251611417,1498.068818,6000,No Failure
1/1/2024 3:00,Taxi,804.5987962,0.267965269,2817.709015,6774.420571,No Failure
1/1/2024 3:10,Cruise,779.3848149,0.342416595,1880.370803,7275.8704,No Failure
1/1/2024 3:20,Takeoff,923.2824384,0.352283549,2529.966315,7600.130875,No Failure
1/1/2024 3:30,Takeoff,838.711185,0.24263,2638.688469,6768.419319,No Failure
1/1/2024 3:40,Takeoff,853.3764102,0.297564541,3180.329298,6794.286696,No Failure
1/1/2024 3:50,Taxi,778.7625907,0.514227036,1845.5898,7576.950367,No Failure
1/1/2024 4:00,Climb,822.7808638,0.472754317,1000,6065.12915,Compressor Stall
1/1/2024 4:10,Takeoff,855.5461295,0.343632367,2591.924772,6805.739612,No Failure
1/1/2024 4:20,Taxi,792.4503211,0.303800348,3400.255591,7095.211945,No Failure
1/1/2024 4:30,Cruise,868.7849009,0.312003133,3119.473176,7224.609361,No Failure
1/1/2024 4:40,Landing,819.9680655,0.361351797,2604.829708,6745.096653,No Failure
1/1/2024 4:50,Descent,835.4153125,0.197720743,2254.181907,7017.220506,No Failure
1/1/2024 5:00,Taxi,819.9146694,0.274262346,2903.561298,6000,No Failure
1/1/2024 5:10,Descent,942.6139092,0.133141593,2013.2269,6670.875794,No Failure
1/1/2024 5:20,Takeoff,849.3251388,0.339922312,2738.178885,7226.754356,No Failure
1/1/2024 5:30,Takeoff,797.1144536,0.364719594,2752.73508,6508.852983,No Failure
1/1/2024 5:40,Taxi,891.1272456,0.251681354,3030.104954,7029.492111,No Failure
1/1/2024 5:50,Descent,788.9578175,0.457398676,3879.830019,7223.43625,No Failure
1/1/2024 6:00,Takeoff,860.4431798,0.177423434,2696.207984,6828.7254,No Failure
1/1/2024 6:10,Cruise,752.0164938,0.153562512,2245.518187,7085.231885,No Failure
1/1/2024 6:20,Climb,783.5906976,0.322445182,2487.212844,6518.633717,No Failure
1/1/2024 6:30,Climb,859.8430618,0.40470983,1615.462048,6896.69436,No Failure
1/1/2024 6:40,Takeoff,886.923329,0.468392769,2152.643434,7305.108085,No Failure
1/1/2024 6:50,Descent,858.5684141,0.254111574,2295.358781,7078.48648,Overheating
1/1/2024 7:00,Landing,844.2175859,0.407868083,2237.955801,6706.734365,No Failure
1/1/2024 7:10,Takeoff,834.9448152,0.296149153,2576.177436,7112.108202,No Failure
1/1/2024 7:20,Landing,776.0739005,0.28273727,2088.790034,7357.304895,No Failure
1/1/2024 7:30,Landing,814.0077896,0.388365994,3060.515334,6000,No Failure
1/1/2024 7:40,Descent,826.9680615,0.365232288,2500.103532,7579.537032,No Failure
1/1/2024 7:50,Landing,902.8561113,0.142360784,2495.349839,6831.872631,No Failure
1/1/2024 8:00,Cruise,867.1809145,0.447654035,2336.052642,7212.744967,No Failure
1/1/2024 8:10,Descent,761.8479922,0.438009135,2577.595342,7598.623462,No Failure
1/1/2024 8:20,Takeoff,866.2041985,0.23744373,2912.549132,6314.163151,No Failure
1/1/2024 8:30,Cruise,830.745886,0.339580353,2066.434892,6645.279499,No Failure
1/1/2024 8:40,Taxi,816.1539,0.349403019,2170.941755,6855.725652,No Failure
1/1/2024 8:50,Climb,880.5838144,0.326067377,2348.136986,6608.123239,No Failure
1/1/2024 9:00,Takeoff,901.5499761,0.244969485,1827.064538,7867.468288,No Failure
1/1/2024 9:10,Takeoff,896.564006,0.232837663,2090.37107,6571.613953,No Failure
1/1/2024 9:20,Takeoff,808.0391238,0.297444593,2261.889563,6722.22661,No Failure
1/1/2024 9:30,Cruise,834.5393812,0.417272902,2937.19459,7102.194516,Oil Leakage
1/1/2024 9:40,Taxi,866.5631716,0.354360015,2631.280665,6398.925237,No Failure
1/1/2024 9:50,Descent,898.7772564,0.262938567,2596.794956,6802.159644,No Failure
1/1/2024 10:00,Taxi,826.0412881,0.377169871,2925.448981,7158.726631,No Failure
1/1/2024 10:10,Cruise,840.7170512,0.1,2431.314106,6833.569798,No Failure
1/1/2024 10:20,Takeoff,794.6832513,0.41487657,2695.232425,6953.306571,No Failure
1/1/2024 10:30,Climb,790.1896688,0.126028622,2448.389124,6735.333944,No Failure
1/1/2024 10:40,Takeoff,890.6262911,0.263755906,2632.681175,6242.764845,No Failure
1/1/2024 10:50,Descent,917.8120014,0.188033011,2208.620671,7160.796606,No Failure
1/1/2024 11:00,Landing,846.3994939,0.170531852,1280.591421,7877.466536,No Failure
1/1/2024 11:10,Climb,900.1766449,0.416082679,2432.860419,7009.200815,No Failure
1/1/2024 11:20,Takeoff,868.0818013,0.25322988,3211.374068,7112.632059,No Failure
1/1/2024 11:30,Climb,817.7440123,0.334650388,2963.107701,7346.361378,No Failure
1/1/2024 11:40,Landing,868.0697803,0.295307942,2982.698742,6365.334752,No Failure
1/1/2024 11:50,Taxi,926.9018283,0.347704083,3118.065361,7851.257329,No Failure
1/1/2024 12:00,Cruise,848.208698,0.307682189,2544.328795,7101.164398,No Failure
1/1/2024 12:10,Takeoff,928.2321828,0.171700778,2598.657854,7815.92845,No Failure
1/1/2024 12:20,Descent,719.0127448,0.399626682,2191.174052,6633.483502,No Failure
1/1/2024 12:30,Taxi,891.0951252,0.250624342,2341.963572,7909.030961,No Failure
1/1/2024 12:40,Takeoff,854.3523534,0.14434181,2807.885575,7387.577747,No Failure
1/1/2024 12:50,Taxi,835.0496325,0.257188484,3101.942219,7276.520043,No Failure
1/1/2024 13:00,Descent,854.5880388,0.450075979,2430.276862,7117.012227,No Failure
1/1/2024 13:10,Takeoff,750.6215543,0.385022174,2274.905368,6875.735691,No Failure
1/1/2024 13:20,Landing,839.0164056,0.265134787,2500.263979,7600.265829,No Failure
1/1/2024 13:30,Landing,867.8556286,0.26507423,2800.603374,7070.179935,No Failure
1/1/2024 13:40,Descent,923.8947022,0.267836495,1778.072592,6016.465148,No Failure
1/1/2024 13:50,Climb,824.0864891,0.507674798,1351.909523,6441.406769,No Failure
1/1/2024 14:00,Descent,809.5753199,0.338193545,2224.731575,6907.077124,Oil Leakage
1/1/2024 14:10,Climb,824.9121478,0.343004165,1889.643787,7154.999492,No Failure
1/1/2024 14:20,Takeoff,895.7701059,0.403028345,2245.929901,6971.705756,No Failure
1/1/2024 14:30,Climb,866.4375555,0.323878916,2426.109841,7609.485395,No Failure
1/1/2024 14:40,Takeoff,823.5119898,0.274095785,2273.375795,6024.449068,No Failure
1/1/2024 14:50,Takeoff,875.6633717,0.280365015,3226.233767,7071.793968,No Failure
1/1/2024 15:00,Cruise,854.8538775,0.292839874,2663.372382,6091.010387,No Failure
1/1/2024 15:10,Takeoff,898.4322495,0.296277776,2650.23718,7379.856148,No Failure
1/1/2024 15:20,Climb,814.8973453,0.372762954,2811.103572,6952.770643,No Failure
1/1/2024 15:30,Cruise,833.6168927,0.305194589,1930.583441,7209.804986,No Failure
1/1/2024 15:40,Cruise,830.3945923,0.373264008,3019.555894,6568.05852,No Failure
1/1/2024 15:50,Takeoff,776.8242526,0.291928342,2462.117857,7639.732466,No Failure
1/1/2024 16:00,Descent,864.8060139,0.307863519,2835.240309,7520.862332,No Failure
1/1/2024 16:10,Descent,863.0527636,0.100179932,1964.071383,7291.772152,No Failure
1/1/2024 16:20,Landing,850.2556728,0.391632767,1723.120617,6935.241377,No Failure
1/1/2024 16:30,Cruise,838.2706433,0.334648848,2908.944829,7289.928643,No Failure
1/1/2024 16:40,Takeoff,779.2314629,0.399801011,2688.204763,6646.553716,No Failure
1/1/2024 16:50,Descent,828.9677339,0.1,2048.974223,7427.77783,No Failure
1/1/2024 17:00,Takeoff,832.8642742,0.50883747,2065.168459,7824.740447,No Failure
1/1/2024 17:10,Takeoff,809.8861365,0.286041037,3062.717392,7535.30528,No Failure
1/1/2024 17:20,Cruise,841.9357144,0.410818282,1905.294054,6635.198765,No Failure
1/1/2024 17:30,Landing,870.2025428,0.196009407,3321.336477,7180.708659,No Failure
1/1/2024 17:40,Cruise,944.3092951,0.361277391,2049.689633,6353.429228,No Failure
1/1/2024 17:50,Taxi,858.7288906,0.194658444,2819.195963,7286.195156,No Failure
1/1/2024 18:00,Descent,862.8775195,0.237623104,2335.690762,7225.301706,No Failure
1/1/2024 18:10,Descent,846.2777042,0.491403135,2801.593716,6065.09183,No Failure
1/1/2024 18:20,Descent,754.0614392,0.28093176,2227.942999,6419.108078,No Failure
1/1/2024 18:30,Climb,848.6743062,0.321743287,2418.603547,6858.430552,Compressor Stall
1/1/2024 18:40,Takeoff,853.0115105,0.387006773,2520.459588,6849.570126,No Failure
1/1/2024 18:50,Cruise,973.1621056,0.349568189,1998.906272,6395.261532,No Failure
1/1/2024 19:00,Descent,840.3819518,0.315041891,2870.412173,7194.489365,No Failure
1/1/2024 19:10,Taxi,865.0773671,0.3364961,2243.393217,7125.736804,No Failure
1/1/2024 19:20,Descent,848.2644115,0.540341559,2385.700042,6902.865434,No Failure
1/1/2024 19:30,Landing,791.5660981,0.29423812,2002.825313,6622.10425,No Failure
1/1/2024 19:40,Takeoff,907.1411407,0.320109905,1218.833171,7524.353563,No Failure
1/1/2024 19:50,Takeoff,887.5966516,0.40506544,2404.486119,7827.703557,No Failure
1/1/2024 20:00,Cruise,889.5515974,0.410552593,3706.307711,6758.219258,No Failure
1/1/2024 20:10,Climb,804.5306273,0.418703031,2892.302144,6693.916541,No Failure
1/1/2024 20:20,Cruise,920.1397155,0.363873022,2490.36981,7245.603833,No Failure
1/1/2024 20:30,Descent,779.9074469,0.185699509,2368.554585,6820.98531,No Failure
1/1/2024 20:40,Landing,879.3428547,0.463343153,2511.232946,6930.3014,No Failure
1/1/2024 20:50,Taxi,959.5227813,0.185365461,2773.559558,7369.826576,No Failure
1/1/2024 21:00,Cruise,800.4731837,0.330263547,1909.593592,6045.321956,No Failure
1/1/2024 21:10,Climb,821.6851135,0.224572415,3057.160847,7659.151162,No Failure
1/1/2024 21:20,Cruise,854.9825683,0.293586165,2857.690658,7036.340262,Oil Leakage
1/1/2024 21:30,Takeoff,824.8262173,0.332876241,2859.092863,6794.253428,No Failure
1/1/2024 21:40,Descent,772.4668284,0.332135722,2719.237869,6955.382923,No Failure
1/1/2024 21:50,Descent,853.4281487,0.342192075,2509.808329,6981.214678,No Failure
1/1/2024 22:00,Descent,796.8848143,0.461371127,2836.430618,6134.399348,No Failure
1/1/2024 22:10,Descent,873.6796215,0.34535343,2795.907067,7747.469114,No Failure
1/1/2024 22:20,Descent,804.0287883,0.275584336,2322.979645,7020.662816,No Failure
1/1/2024 22:30,Descent,927.4967203,0.396408717,2213.199114,7221.501065,No Failure
1/1/2024 22:40,Taxi,810.8373354,0.418947049,2550.928148,7475.774885,No Failure
1/1/2024 22:50,Climb,833.8969242,0.177239218,3274.510076,6489.418771,No Failure
1/1/2024 23:00,Descent,890.6758609,0.359740007,1880.446462,7236.73595,No Failure
1/1/2024 23:10,Climb,788.4567842,0.370117274,1766.237367,6866.179455,No Failure
1/1/2024 23:20,Landing,861.3729967,0.27024365,2582.380421,7423.385388,No Failure
1/1/2024 23:30,Descent,915.3571377,0.437570681,2525.443851,6000,No Failure
1/1/2024 23:40,Cruise,769.6258383,0.284994441,2586.670832,6950.45285,No Failure
1/1/2024 23:50,Descent,859.2316929,0.312557645,2621.976599,6698.589672,No Failure
1/2/2024 0:00,Takeoff,862.9941397,0.282692818,2388.398873,7216.131475,No Failure
1/2/2024 0:10,Taxi,889.0911436,0.301557905,3244.931719,7235.022094,No Failure
1/2/2024 0:20,Cruise,788.1524645,0.190372491,1699.548011,6646.187053,No Failure
1/2/2024 0:30,Cruise,783.9771693,0.155994912,2085.751488,6643.913068,No Failure
1/2/2024 0:40,Takeoff,876.0970783,0.459450506,2448.37262,6944.667316,No Failure
1/2/2024 0:50,Descent,864.8492337,0.215303865,1678.405594,6551.678886,No Failure
1/2/2024 1:00,Taxi,862.5246425,0.200860765,2412.072798,7420.991848,No Failure
1/2/2024 1:10,Cruise,867.3224105,0.1,3330.735083,6815.3964,No Failure
1/2/2024 1:20,Taxi,815.9987639,0.236103825,2510.443244,6000,No Failure
1/2/2024 1:30,Cruise,861.6126849,0.167691021,2615.350453,6812.588972,No Failure
1/2/2024 1:40,Descent,864.6536237,0.464201516,1869.917617,6480.72809,No Failure
1/2/2024 1:50,Landing,814.2824291,0.400981709,2191.819296,6184.362092,No Failure
1/2/2024 2:00,Cruise,943.2887256,0.231184965,2312.40181,6381.286681,No Failure
1/2/2024 2:10,Landing,873.691646,0.525243581,2341.142452,7054.704236,No Failure
1/2/2024 2:20,Cruise,790.4348251,0.398176549,3140.821898,7664.320414,No Failure
1/2/2024 2:30,Climb,882.8276804,0.267516862,2778.84553,7156.592237,No Failure
1/2/2024 2:40,Descent,801.2659165,0.1,1944.271022,6696.748306,No Failure
1/2/2024 2:50,Takeoff,889.3542302,0.529094257,2623.252389,7227.952098,No Failure
1/2/2024 3:00,Landing,907.929779,0.161042753,2749.110874,6770.454845,No Failure
1/2/2024 3:10,Takeoff,808.9658841,0.135460125,3070.074519,6652.699815,No Failure
1/2/2024 3:20,Descent,898.1688065,0.402257043,3290.270343,6422.818666,No Failure
1/2/2024 3:30,Takeoff,870.6390463,0.543975241,1992.452904,6124.085597,No Failure
1/2/2024 3:40,Descent,891.103008,0.438427282,2094.571244,6805.038147,No Failure
1/2/2024 3:50,Takeoff,944.8396491,0.356390912,1871.211071,7079.026745,No Failure
1/2/2024 4:00,Landing,837.7305942,0.359475434,2382.99007,6951.688165,No Failure
1/2/2024 4:10,Climb,812.3131918,0.385341556,2733.179187,6792.016536,No Failure
1/2/2024 4:20,Takeoff,805.5242785,0.375892859,2993.667258,6527.12697,No Failure
1/2/2024 4:30,Landing,809.2094858,0.328119142,2462.024488,7304.123096,No Failure
1/2/2024 4:40,Cruise,846.1449145,0.31042011,2340.076238,6341.43404,No Failure
1/2/2024 4:50,Descent,867.0575987,0.293740687,2575.878996,7388.013957,No Failure
1/2/2024 5:00,Taxi,863.83454,0.224603541,2082.428549,6498.891491,No Failure
1/2/2024 5:10,Taxi,891.3591625,0.271932492,3544.769361,6623.782381,No Failure
1/2/2024 5:20,Descent,850.6500946,0.130704319,1696.169486,6266.607405,No Failure
1/2/2024 5:30,Climb,922.6767039,0.290166037,2592.370289,6749.298927,No Failure
1/2/2024 5:40,Takeoff,836.7671583,0.201140889,3511.80311,7487.656229,No Failure
1/2/2024 5:50,Climb,986.0084583,0.189641068,2503.399922,7257.814044,No Failure
1/2/2024 6:00,Taxi,881.2833674,0.317989415,2404.980482,7489.211056,No Failure
1/2/2024 6:10,Landing,807.1421222,0.439200229,2321.277289,7261.071273,No Failure
1/2/2024 6:20,Descent,796.4553751,0.391831661,2409.804159,6448.165086,No Failure
1/2/2024 6:30,Descent,874.1236208,0.14294994,3186.424237,6834.605388,Overheating
1/2/2024 6:40,Climb,838.8268607,0.201037186,1394.069044,6609.900435,Overheating
1/2/2024 6:50,Landing,885.7000247,0.394077119,3266.716851,7665.287452,No Failure
1/2/2024 7:00,Climb,873.6618812,0.201751261,1788.021424,6401.605677,No Failure
1/2/2024 7:10,Takeoff,846.3585544,0.277536685,2366.673835,7446.848845,Overheating
1/2/2024 7:20,Cruise,807.6603141,0.35500521,2285.37779,7446.476935,No Failure
1/2/2024 7:30,Landing,774.2576388,0.203165555,2794.276635,7914.810101,No Failure
1/2/2024 7:40,Cruise,827.6742524,0.310537551,1700.937824,6795.156704,No Failure
1/2/2024 7:50,Takeoff,892.8199397,0.166597451,2731.086333,7356.16108,No Failure
1/2/2024 8:00,Cruise,860.7046872,0.239863236,3512.154812,8140.825918,No Failure
1/2/2024 8:10,Taxi,787.7130611,0.331978193,1818.412998,6691.179162,No Failure
1/2/2024 8:20,Cruise,858.6590463,0.140700627,2594.853084,6232.479876,No Failure
1/2/2024 8:30,Takeoff,869.265869,0.344047474,2169.008911,6059.994983,No Failure
1/2/2024 8:40,Cruise,805.8071282,0.29803622,2712.943603,7356.356014,Sensor Malfunction
1/2/2024 8:50,Descent,857.6862553,0.355248995,2509.573889,6058.424896,No Failure
1/2/2024 9:00,Climb,852.9104359,0.322391413,2179.256545,6813.840474,No Failure
1/2/2024 9:10,Taxi,792.8514851,0.436414043,2743.936142,7218.656594,No Failure
1/2/2024 9:20,Descent,867.889368,0.31252245,3402.174055,7092.587768,No Failure
1/2/2024 9:30,Descent,878.0392263,0.257059446,2404.548104,7212.722432,No Failure
1/2/2024 9:40,Takeoff,904.1525622,0.31222975,2859.878971,7111.144928,No Failure
1/2/2024 9:50,Climb,902.6901026,0.354329803,1853.363521,7639.432907,No Failure
1/2/2024 10:00,Climb,781.1165316,0.304886007,2021.781812,6523.84181,No Failure
1/2/2024 10:10,Landing,803.108748,0.304059169,2736.203139,6661.502431,No Failure
1/2/2024 10:20,Taxi,875.7517634,0.229800831,3242.058014,6613.670277,No Failure
1/2/2024 10:30,Takeoff,875.6892975,0.233709908,2677.806674,7415.095906,No Failure
1/2/2024 10:40,Taxi,875.7523843,0.159739473,2343.470985,7450.199294,Sensor Malfunction
1/2/2024 10:50,Landing,1000,0.474957674,2499.645703,7225.61266,No Failure
1/2/2024 11:00,Cruise,878.5445255,0.175613676,1874.796133,7591.746833,No Failure
1/2/2024 11:10,Descent,906.778282,0.23070948,2802.257663,6410.979566,Oil Leakage
1/2/2024 11:20,Taxi,897.7000882,0.228159273,2941.166531,7833.612056,No Failure
1/2/2024 11:30,Descent,882.5695626,0.389492438,2273.954834,7761.619311,No Failure
1/2/2024 11:40,Takeoff,834.2365378,0.270505032,2264.978926,7367.810999,No Failure
1/2/2024 11:50,Cruise,887.948461,0.424774207,2632.939115,7890.899454,No Failure
1/2/2024 12:00,Takeoff,811.3587393,0.232650938,2281.640132,6171.688396,No Failure
1/2/2024 12:10,Cruise,838.1590697,0.327899416,2466.933693,6737.775932,No Failure
1/2/2024 12:20,Cruise,825.7318226,0.216465295,3549.860895,6632.34827,No Failure
1/2/2024 12:30,Descent,854.093707,0.514514913,2376.48715,7360.739662,No Failure
1/2/2024 12:40,Takeoff,965.7329283,0.181240158,2320.829924,6474.92963,No Failure
1/2/2024 12:50,Takeoff,756.6367404,0.330982071,2176.229097,7378.747575,No Failure
1/2/2024 13:00,Taxi,884.3130095,0.363377688,2872.095986,7685.268072,No Failure
1/2/2024 13:10,Takeoff,769.3642064,0.34137991,2409.387913,7347.60145,No Failure
1/2/2024 13:20,Taxi,826.4034067,0.281471234,2175.313481,7141.875512,No Failure
1/2/2024 13:30,Climb,904.4475298,0.28701793,3160.652016,6506.06333,No Failure
1/2/2024 13:40,Climb,853.214001,0.304381147,3209.801502,6576.574517,No Failure
1/2/2024 13:50,Climb,796.1127611,0.2852998,2199.788217,7624.809453,No Failure
1/2/2024 14:00,Landing,814.2348145,0.396387912,1566.730024,7389.674502,No Failure
1/2/2024 14:10,Takeoff,883.9798874,0.5210523,3003.756845,6980.49024,No Failure
1/2/2024 14:20,Landing,813.4816684,0.244250821,2157.685087,6791.045227,No Failure
1/2/2024 14:30,Takeoff,860.8229295,0.163019702,2895.3128,6000,No Failure
1/2/2024 14:40,Taxi,852.278592,0.291171795,1514.948091,6464.573791,No Failure
1/2/2024 14:50,Landing,817.4199826,0.557970934,2946.298669,7955.709544,Overheating
1/2/2024 15:00,Landing,957.1972045,0.219632543,1894.414035,6359.772214,No Failure
1/2/2024 15:10,Landing,881.6959511,0.463911681,2865.38206,7094.739911,No Failure
1/2/2024 15:20,Cruise,748.7428707,0.467770081,2507.136534,7503.721987,No Failure
1/2/2024 15:30,Taxi,859.3227157,0.244641176,2023.03029,6372.538666,No Failure
1/2/2024 15:40,Climb,816.9106768,0.356898308,2296.481844,7092.355237,No Failure
1/2/2024 15:50,Taxi,892.6216667,0.462839662,2843.159228,7468.957769,Overheating
1/2/2024 16:00,Cruise,810.3739631,0.262087226,2552.947227,7006.249661,No Failure
1/2/2024 16:10,Takeoff,844.2631779,0.279641964,2792.20649,8434.201528,No Failure
1/2/2024 16:20,Taxi,875.2493639,0.241831909,3488.220292,6165.700371,Oil Leakage
1/2/2024 16:30,Landing,893.2877597,0.198524327,1717.879194,7529.364265,No Failure
1/2/2024 16:40,Climb,789.9851796,0.235072245,3308.606287,6913.599131,No Failure
1/2/2024 16:50,Climb,833.2749382,0.177605973,2552.177969,7385.960077,No Failure
1/2/2024 17:00,Takeoff,826.2527344,0.303408347,2050.607976,7220.653576,No Failure
1/2/2024 17:10,Taxi,817.3335384,0.223002677,1834.843187,6633.421901,No Failure
1/2/2024 17:20,Cruise,938.272712,0.323378591,2405.439805,7114.498196,No Failure
1/2/2024 17:30,Takeoff,870.2490855,0.144410435,2960.825056,6071.049274,No Failure
1/2/2024 17:40,Taxi,786.9558023,0.333088023,2436.22544,7301.62375,No Failure
1/2/2024 17:50,Descent,895.8930974,0.383352896,3255.577465,7149.079233,Compressor Stall
1/2/2024 18:00,Climb,956.1078099,0.100626436,1774.412155,7319.330084,No Failure
1/2/2024 18:10,Cruise,901.623263,0.337405657,2493.955526,7529.059163,No Failure
1/2/2024 18:20,Landing,774.0315017,0.422766899,1873.803278,7183.80992,No Failure
1/2/2024 18:30,Cruise,825.7882964,0.179035898,2681.815941,7074.04471,No Failure
1/2/2024 18:40,Landing,913.3455575,0.467257239,2943.443695,6559.465832,No Failure
1/2/2024 18:50,Cruise,814.6165267,0.341901901,2289.619103,6643.889618,No Failure
1/2/2024 19:00,Climb,872.1909714,0.229498814,1197.893072,7593.36731,No Failure
1/2/2024 19:10,Landing,888.7317027,0.294423092,2599.474073,7718.167703,No Failure
1/2/2024 19:20,Taxi,803.6534764,0.355832691,2718.369276,6880.944782,No Failure
1/2/2024 19:30,Landing,847.0237322,0.307600539,2702.147377,7023.001374,No Failure
1/2/2024 19:40,Takeoff,700,0.353875599,3117.891096,6547.692813,No Failure
1/2/2024 19:50,Taxi,798.7806179,0.207932641,1964.47316,7586.378423,No Failure
1/2/2024 20:00,Takeoff,837.3715924,0.316936082,2840.108053,7332.708412,No Failure
1/2/2024 20:10,Cruise,787.6108409,0.15862855,3096.253756,7970.608718,No Failure
1/2/2024 20:20,Taxi,931.6205652,0.288877394,1610.706208,6560.838461,No Failure
1/2/2024 20:30,Cruise,778.4929311,0.209609236,2659.825913,6810.99605,No Failure
1/2/2024 20:40,Descent,827.9977757,0.226447006,2247.910084,7115.722961,No Failure
1/2/2024 20:50,Cruise,856.5370289,0.423609318,2459.238663,7323.244769,No Failure
1/2/2024 21:00,Cruise,922.0636645,0.409131012,2673.838242,6892.166181,No Failure
1/2/2024 21:10,Takeoff,778.2068924,0.360913812,2256.385718,6563.519455,No Failure
1/2/2024 21:20,Landing,908.1581876,0.190768724,2162.14596,7440.703764,No Failure
1/2/2024 21:30,Descent,850.5116531,0.268359155,2517.076209,7360.567681,No Failure
1/2/2024 21:40,Cruise,800.9245674,0.42130977,1956.377031,6541.86295,No Failure
1/2/2024 21:50,Cruise,873.1051737,0.314171691,1957.087436,7677.721401,No Failure
1/2/2024 22:00,Descent,859.9529848,0.531932954,2839.686641,7585.099355,No Failure
1/2/2024 22:10,Descent,819.9891561,0.339331784,1925.602982,7067.148249,No Failure
1/2/2024 22:20,Taxi,853.4901042,0.319204912,2833.15625,7039.798931,No Failure
1/2/2024 22:30,Takeoff,830.7343202,0.269088354,2731.295646,7277.028886,No Failure
1/2/2024 22:40,Descent,855.6758673,0.31335409,1637.096636,6569.148465,No Failure
1/2/2024 22:50,Descent,883.1065337,0.284753016,2161.217674,7015.01574,No Failure
1/2/2024 23:00,Climb,929.3008408,0.370810868,3097.054702,6000,No Failure
1/2/2024 23:10,Landing,788.1092251,0.395670232,2009.417234,7438.227823,Overheating
1/2/2024 23:20,Descent,956.6516687,0.221401054,2267.797869,6219.253389,No Failure
1/2/2024 23:30,Takeoff,752.39561,0.166876705,2731.030447,7751.709914,No Failure
1/2/2024 23:40,Landing,842.4107452,0.116379463,2891.695255,6834.939953,No Failure
1/2/2024 23:50,Landing,879.4158603,0.350799133,2374.230557,6894.166509,No Failure
1/3/2024 0:00,Cruise,864.0495934,0.189663339,2201.244903,6686.133047,No Failure
1/3/2024 0:10,Cruise,818.865024,0.1,3211.184931,6855.980563,No Failure
1/3/2024 0:20,Cruise,839.5938875,0.33885786,3369.449832,7709.265673,No Failure
1/3/2024 0:30,Cruise,825.3499533,0.549299952,2989.429025,6000,Overheating
1/3/2024 0:40,Climb,820.5317622,0.299392909,2542.659071,7638.482693,No Failure
1/3/2024 0:50,Descent,892.4801049,0.383849077,2095.867139,7169.011741,No Failure
1/3/2024 1:00,Cruise,867.8507743,0.308182936,2084.777797,6396.489176,No Failure
1/3/2024 1:10,Taxi,815.3545202,0.290111035,2761.257053,6462.343803,No Failure
1/3/2024 1:20,Cruise,894.9799938,0.391907648,2709.19911,7838.196514,No Failure
1/3/2024 1:30,Descent,865.364976,0.270972546,3200.799296,6527.24656,No Failure
1/3/2024 1:40,Cruise,890.6431059,0.326739231,2825.225046,6423.324745,No Failure
1/3/2024 1:50,Climb,881.4814421,0.332169781,1748.459849,7568.657271,No Failure
1/3/2024 2:00,Takeoff,808.5502495,0.233190955,3025.973809,7169.276438,No Failure
1/3/2024 2:10,Takeoff,821.990948,0.399204235,2000.969686,6531.037212,No Failure
1/3/2024 2:20,Descent,887.3646803,0.282504024,2308.014364,7108.312488,No Failure
1/3/2024 2:30,Takeoff,880.5185133,0.224425484,2625.100103,6487.123658,No Failure
1/3/2024 2:40,Takeoff,848.9549203,0.353650984,3497.833745,7550.410699,No Failure
1/3/2024 2:50,Taxi,855.8663692,0.210153202,4000,7530.685482,No Failure
1/3/2024 3:00,Descent,913.8832448,0.302818116,2803.36153,7266.003099,No Failure
1/3/2024 3:10,Descent,820.4214306,0.2990881,2408.401691,7180.830531,No Failure
1/3/2024 3:20,Takeoff,877.3548691,0.408589557,2767.252824,7880.594062,No Failure
1/3/2024 3:30,Takeoff,839.8903674,0.347469823,2943.827713,6999.843164,No Failure
1/3/2024 3:40,Takeoff,839.1159398,0.297497304,2339.666187,6409.062937,No Failure
1/3/2024 3:50,Landing,904.9388426,0.38177663,3397.605678,7224.736956,No Failure
1/3/2024 4:00,Climb,891.2708174,0.439020755,2615.03538,8043.023525,No Failure
1/3/2024 4:10,Cruise,890.6754818,0.355781031,2748.871545,6492.620253,No Failure
1/3/2024 4:20,Climb,915.2739404,0.301035262,2832.962126,6819.268617,No Failure
1/3/2024 4:30,Descent,851.0501921,0.168816377,2710.793305,7208.223019,No Failure
1/3/2024 4:40,Taxi,884.0976486,0.193488634,2919.47025,6973.047575,No Failure
1/3/2024 4:50,Cruise,834.4866622,0.26947753,2191.373407,6508.84821,No Failure
1/3/2024 5:00,Taxi,866.2083176,0.23904878,2220.849123,7560.928928,No Failure
1/3/2024 5:10,Landing,843.4928473,0.28130287,1949.922884,8160.020361,No Failure
1/3/2024 5:20,Descent,854.8497982,0.305664992,2719.750615,7098.06573,No Failure
1/3/2024 5:30,Landing,879.7578513,0.352969275,2889.468252,6547.965855,No Failure
1/3/2024 5:40,Descent,809.0889658,0.292950122,2728.886433,6225.519737,No Failure
1/3/2024 5:50,Taxi,954.6193638,0.348650164,3337.246217,7128.987991,No Failure
1/3/2024 6:00,Taxi,799.6991309,0.306447441,2497.201991,7551.938672,No Failure
1/3/2024 6:10,Taxi,789.2905694,0.102453343,2834.370828,7237.583873,No Failure
1/3/2024 6:20,Descent,907.9055437,0.206066461,1954.149562,6998.79808,No Failure
1/3/2024 6:30,Takeoff,889.5831347,0.285591244,2306.450149,6705.364174,No Failure
1/3/2024 6:40,Taxi,881.2059909,0.179030526,2847.768879,6453.918184,No Failure
1/3/2024 6:50,Landing,881.4172755,0.359992873,2924.551055,7417.375663,Overheating
1/3/2024 7:00,Cruise,849.3876614,0.453075083,2353.016526,7456.885811,No Failure
1/3/2024 7:10,Descent,805.1372814,0.421876185,2464.200374,6227.135107,No Failure
1/3/2024 7:20,Landing,853.7902279,0.278655713,1741.063127,7794.919489,No Failure
1/3/2024 7:30,Climb,816.1419144,0.449072614,2321.4854,7287.03561,No Failure
1/3/2024 7:40,Climb,898.7559867,0.314866746,2945.191582,7699.797323,No Failure
1/3/2024 7:50,Cruise,842.6471309,0.266291403,2787.602508,6328.936126,No Failure
1/3/2024 8:00,Takeoff,808.7251402,0.238659734,2750.332861,6317.087922,No Failure
1/3/2024 8:10,Taxi,833.9307079,0.269753031,2524.886844,6925.515345,No Failure
1/3/2024 8:20,Descent,870.6465727,0.261182318,2503.531579,7251.392213,No Failure
1/3/2024 8:30,Landing,821.8137724,0.317041622,2169.83943,7898.180411,No Failure
1/3/2024 8:40,Taxi,808.8889802,0.316057398,2849.41421,7353.039457,No Failure
1/3/2024 8:50,Landing,862.1843606,0.300304602,2710.486472,6878.659362,No Failure
1/3/2024 9:00,Descent,862.2483286,0.343693817,2746.009424,6486.815396,No Failure
1/3/2024 9:10,Climb,824.6528412,0.419064627,2236.982579,7615.000286,No Failure
1/3/2024 9:20,Taxi,826.4480847,0.394955414,1423.32854,6517.647287,No Failure
1/3/2024 9:30,Cruise,861.6024969,0.151510203,3048.576356,7814.234277,No Failure
1/3/2024 9:40,Takeoff,777.5957829,0.1,2260.581272,6857.807675,No Failure
1/3/2024 9:50,Cruise,779.6268113,0.393431991,2068.612118,7795.291036,No Failure
1/3/2024 10:00,Takeoff,814.0777889,0.16331213,2846.739456,7339.465645,No Failure
1/3/2024 10:10,Landing,839.3276424,0.27752346,2303.99368,6931.502255,No Failure
1/3/2024 10:20,Taxi,865.5453783,0.182988697,3029.968192,6740.301814,No Failure
1/3/2024 10:30,Taxi,923.7678108,0.119801956,2808.502975,6829.546061,No Failure
1/3/2024 10:40,Takeoff,892.8829812,0.354146273,2841.784662,7214.158346,No Failure
1/3/2024 10:50,Climb,842.0030735,0.375915516,1817.022144,7038.578248,No Failure
1/3/2024 11:00,Descent,849.0491896,0.24234896,3105.971993,6703.094296,No Failure
1/3/2024 11:10,Cruise,799.8735318,0.1,2630.625266,6917.184295,No Failure
1/3/2024 11:20,Landing,849.0743432,0.245375555,2315.36143,7039.288515,No Failure
1/3/2024 11:30,Cruise,835.5670681,0.339180401,2571.694234,6000,No Failure
1/3/2024 11:40,Cruise,866.135928,0.152108843,1611.882384,7229.084057,No Failure
1/3/2024 11:50,Landing,808.6384528,0.318335992,2704.326406,6510.139388,No Failure
1/3/2024 12:00,Landing,875.9673257,0.298469015,1985.314246,6423.333798,No Failure
1/3/2024 12:10,Taxi,926.6369457,0.35792915,1823.664857,6156.327826,No Failure
1/3/2024 12:20,Cruise,844.5619926,0.311958037,1738.820407,6103.053751,No Failure
1/3/2024 12:30,Descent,870.0855861,0.202693106,3056.344187,6322.276248,No Failure
1/3/2024 12:40,Descent,884.5071996,0.41965715,2185.368303,6645.489521,No Failure
1/3/2024 12:50,Takeoff,829.9389764,0.284147043,3266.863855,7976.629569,No Failure
1/3/2024 13:00,Landing,861.2046241,0.297269546,2232.099268,6737.060162,No Failure
1/3/2024 13:10,Taxi,850.62962,0.206673204,1646.321021,7088.875053,No Failure
1/3/2024 13:20,Descent,854.8838049,0.255671775,1941.73778,7200.240693,No Failure
1/3/2024 13:30,Climb,811.3495108,0.211519729,3117.90581,7065.532593,No Failure
1/3/2024 13:40,Taxi,851.2255087,0.282705394,2422.050911,6961.27827,No Failure
1/3/2024 13:50,Taxi,874.8999146,0.471170848,2225.856352,6402.353118,No Failure
1/3/2024 14:00,Descent,922.5571804,0.162809886,2580.009113,7725.463774,No Failure
1/3/2024 14:10,Climb,897.9635413,0.13864386,2750.891368,7903.598322,No Failure
1/3/2024 14:20,Takeoff,957.6591229,0.447117033,3058.699408,6158.670653,No Failure
1/3/2024 14:30,Descent,811.6326219,0.279067632,3224.249615,6487.985705,No Failure
1/3/2024 14:40,Climb,893.6160318,0.233092726,2320.115677,6860.094829,No Failure
1/3/2024 14:50,Taxi,859.1671003,0.403990469,1836.976157,6517.731103,No Failure
1/3/2024 15:00,Climb,959.4901467,0.239438446,2293.267419,7252.982777,No Failure
1/3/2024 15:10,Taxi,809.5850857,0.482600971,2630.140253,6635.863899,No Failure
1/3/2024 15:20,Descent,808.0139079,0.367792587,2018.120537,8082.528034,No Failure
1/3/2024 15:30,Landing,820.0303677,0.251208859,2021.424543,7595.274297,No Failure
1/3/2024 15:40,Descent,743.8052138,0.515730821,2671.893941,7106.287015,No Failure
1/3/2024 15:50,Cruise,823.7122489,0.239428508,2475.673824,7513.493132,No Failure
1/3/2024 16:00,Cruise,812.0433669,0.374209537,2516.398498,7552.950212,No Failure
1/3/2024 16:10,Cruise,857.5196893,0.329929258,2120.752333,6718.026256,No Failure
1/3/2024 16:20,Descent,867.0877988,0.430174129,2384.799643,6591.891378,No Failure
1/3/2024 16:30,Takeoff,943.808542,0.45615112,2037.883428,7039.071531,No Failure
1/3/2024 16:40,Descent,897.5211919,0.303200415,2945.099206,7430.818062,No Failure
1/3/2024 16:50,Landing,821.1548172,0.224658213,3017.624667,7069.530199,No Failure
1/3/2024 17:00,Climb,805.0792664,0.345997214,1576.906069,6211.501759,No Failure
1/3/2024 17:10,Descent,874.5959586,0.232228463,2035.24457,6598.587778,No Failure
1/3/2024 17:20,Descent,783.9883396,0.501338725,1751.735372,6963.013568,No Failure
1/3/2024 17:30,Taxi,941.5729383,0.313653533,2174.988033,6962.167198,No Failure
1/3/2024 17:40,Taxi,908.972006,0.263467845,2458.281015,7986.271088,No Failure
1/3/2024 17:50,Taxi,826.5412174,0.318468031,1775.17739,6307.006029,No Failure
1/3/2024 18:00,Descent,764.3432735,0.165287371,2039.070093,7252.794621,No Failure
1/3/2024 18:10,Takeoff,917.6936187,0.202838596,1998.021314,7744.556554,No Failure
1/3/2024 18:20,Climb,844.2730077,0.420041391,2603.633665,8135.724873,No Failure
1/3/2024 18:30,Climb,911.8908156,0.234310572,2534.672169,6797.801288,No Failure
1/3/2024 18:40,Landing,770.2786171,0.195308902,2139.131223,7245.714726,No Failure
1/3/2024 18:50,Takeoff,820.0312489,0.353665275,2588.410436,7284.880179,No Failure
1/3/2024 19:00,Takeoff,850.262185,0.418570415,2226.659958,7097.740866,Oil Leakage
1/3/2024 19:10,Climb,852.3490297,0.371895331,2364.172445,6950.577399,No Failure
1/3/2024 19:20,Cruise,827.4967264,0.399604769,3336.726045,7217.987695,No Failure
1/3/2024 19:30,Taxi,881.1424966,0.224320491,3170.230526,6000,No Failure
1/3/2024 19:40,Taxi,796.6189785,0.157818933,1850.209382,7341.034745,No Failure
1/3/2024 19:50,Climb,842.8810257,0.450133365,2914.866209,7063.088952,No Failure
1/3/2024 20:00,Takeoff,856.0147816,0.267732016,2905.698277,6888.762552,No Failure
1/3/2024 20:10,Landing,875.7219417,0.274916698,1925.868356,8023.431098,Sensor Malfunction
1/3/2024 20:20,Cruise,885.5807439,0.432819414,2909.388822,6662.532991,No Failure
1/3/2024 20:30,Climb,793.7678954,0.355623001,3268.965959,6798.462005,No Failure
1/3/2024 20:40,Taxi,773.2942915,0.345588777,1938.727597,7995.776651,No Failure
1/3/2024 20:50,Descent,913.8838411,0.516500234,2041.248589,6583.969348,No Failure
1/3/2024 21:00,Takeoff,866.6157006,0.235648177,3008.830733,6724.942359,No Failure
1/3/2024 21:10,Descent,812.5756732,0.392784013,2635.747655,6926.487288,No Failure
1/3/2024 21:20,Landing,927.5575988,0.305701312,2775.738138,7420.367241,No Failure
1/3/2024 21:30,Climb,855.7837317,0.326859228,2670.294608,7103.901254,No Failure
1/3/2024 21:40,Taxi,908.9648592,0.452846843,2695.34796,6353.687326,Sensor Malfunction
1/3/2024 21:50,Cruise,853.3759241,0.350783576,1836.763936,6733.915718,No Failure
1/3/2024 22:00,Descent,953.0373962,0.353829608,3023.658853,6696.322783,No Failure
1/3/2024 22:10,Cruise,937.7670421,0.407250734,3084.794996,6961.389477,No Failure
1/3/2024 22:20,Landing,837.5517926,0.263504727,2385.304628,7212.921829,No Failure
1/3/2024 22:30,Taxi,898.5785475,0.216079033,2478.261525,7209.102878,No Failure
1/3/2024 22:40,Descent,882.2687975,0.195519081,1734.446249,6111.994123,No Failure
1/3/2024 22:50,Landing,918.4315779,0.103364341,2757.127378,7531.970494,No Failure
1/3/2024 23:00,Cruise,801.753827,0.505620713,2786.028721,7126.284423,No Failure
1/3/2024 23:10,Cruise,884.302573,0.189679163,2468.904492,7692.266024,No Failure
1/3/2024 23:20,Descent,902.9212243,0.277874638,3062.17668,7222.099164,No Failure
1/3/2024 23:30,Taxi,762.0630257,0.27231867,2332.961385,7550.661479,No Failure
1/3/2024 23:40,Cruise,790.8370744,0.33074067,2782.302963,7233.272656,No Failure
1/3/2024 23:50,Climb,748.0383911,0.381573721,1990.167831,7673.112878,No Failure
1/4/2024 0:00,Landing,836.5296583,0.386047349,2488.223925,7261.125318,No Failure
1/4/2024 0:10,Descent,885.8771128,0.241692256,2412.822871,6951.042377,No Failure
1/4/2024 0:20,Takeoff,925.1178526,0.283287829,2612.653961,8136.21736,No Failure
1/4/2024 0:30,Takeoff,853.704739,0.328257995,2315.236536,7444.518561,No Failure
1/4/2024 0:40,Taxi,931.4307773,0.275130887,2434.263702,7286.872211,No Failure
1/4/2024 0:50,Climb,780.9949271,0.460734558,2913.023586,6361.847792,No Failure
1/4/2024 1:00,Cruise,764.830878,0.349097495,2281.617881,6355.846191,No Failure
1/4/2024 1:10,Takeoff,847.2226151,0.373487779,1696.71145,7146.357741,No Failure
1/4/2024 1:20,Taxi,869.2032724,0.366288127,3374.791952,7072.760599,No Failure
1/4/2024 1:30,Landing,848.3652626,0.417347386,3190.727039,6692.938717,No Failure
1/4/2024 1:40,Climb,746.627895,0.318102156,1853.868652,7070.49135,No Failure
1/4/2024 1:50,Climb,845.543998,0.170316805,2844.853903,7794.313464,No Failure
1/4/2024 2:00,Taxi,784.776525,0.339968795,2248.512615,7347.701237,No Failure
1/4/2024 2:10,Taxi,883.4836274,0.234864311,2631.743608,6429.495745,No Failure
1/4/2024 2:20,Cruise,868.3299123,0.247138332,2647.112065,6944.245586,No Failure
1/4/2024 2:30,Taxi,803.0060107,0.358636402,2382.7961,6597.51676,No Failure
1/4/2024 2:40,Cruise,824.3066541,0.423828307,2108.117167,6806.150042,No Failure
1/4/2024 2:50,Cruise,797.0393239,0.302127158,2154.729474,6793.192167,No Failure
1/4/2024 3:00,Descent,846.8660451,0.330883301,2041.904042,6761.177209,No Failure
1/4/2024 3:10,Climb,897.757116,0.470221494,2084.088896,6372.432314,No Failure
1/4/2024 3:20,Landing,800.7136977,0.324075318,2466.410855,6936.172659,No Failure
1/4/2024 3:30,Climb,875.2023258,0.560168311,2142.120005,6719.696182,Sensor Malfunction
1/4/2024 3:40,Climb,823.4871191,0.356550965,2841.026033,6000,No Failure
1/4/2024 3:50,Descent,810.3563584,0.123923724,3243.623078,8026.486012,No Failure
1/4/2024 4:00,Cruise,844.648482,0.375334162,2209.973379,7544.384827,No Failure
1/4/2024 4:10,Cruise,798.2378839,0.338115838,2619.70225,6811.849638,No Failure
1/4/2024 4:20,Taxi,822.3175347,0.428975275,2749.842555,7009.409525,No Failure
1/4/2024 4:30,Descent,790.1061054,0.367318135,2736.001135,6414.172826,Compressor Stall
1/4/2024 4:40,Taxi,948.2362566,0.286154402,2537.977634,7847.861439,No Failure
1/4/2024 4:50,Descent,851.7631776,0.177570176,2871.341209,7948.644347,No Failure
1/4/2024 5:00,Taxi,815.0137246,0.279097674,2741.124476,7078.346864,No Failure
1/4/2024 5:10,Takeoff,860.6989955,0.214947955,1881.168789,7511.765322,No Failure
1/4/2024 5:20,Climb,844.3835975,0.241947655,2934.578032,7087.643389,No Failure
1/4/2024 5:30,Climb,838.95152,0.35885784,2943.645419,6331.637281,No Failure
1/4/2024 5:40,Landing,880.708335,0.46699045,2118.356948,6794.088316,No Failure
1/4/2024 5:50,Cruise,887.8753855,0.339467153,2518.968918,7065.963983,No Failure
1/4/2024 6:00,Landing,823.4749426,0.180411694,2841.664496,6772.726141,No Failure
1/4/2024 6:10,Takeoff,821.209088,0.344460267,2395.34309,6890.673361,No Failure
1/4/2024 6:20,Landing,836.2474151,0.419663149,3036.489024,6954.300221,No Failure
1/4/2024 6:30,Climb,734.9039418,0.23902171,3681.936247,6959.560751,No Failure
1/4/2024 6:40,Cruise,774.2404469,0.286598283,2107.006984,7026.129245,No Failure
1/4/2024 6:50,Takeoff,918.3437134,0.301468819,1809.477698,6469.697467,No Failure
1/4/2024 7:00,Climb,932.2483857,0.221510169,2651.909298,6641.491925,No Failure
1/4/2024 7:10,Taxi,837.548198,0.364828043,2860.781253,6357.707867,No Failure
1/4/2024 7:20,Descent,878.8278482,0.287905185,2384.566813,7488.907775,No Failure
1/4/2024 7:30,Takeoff,865.5625077,0.341953244,3226.630332,6000,No Failure
1/4/2024 7:40,Cruise,1000,0.211250782,1830.6971,7576.795172,No Failure
1/4/2024 7:50,Landing,905.9787456,0.25625417,2846.459312,7693.174699,No Failure
1/4/2024 8:00,Landing,843.6041204,0.372238136,2197.06959,6848.909707,No Failure
1/4/2024 8:10,Takeoff,802.222978,0.262716685,3359.688953,6000,No Failure
1/4/2024 8:20,Cruise,769.677684,0.472696385,3496.257677,6819.344719,No Failure
1/4/2024 8:30,Takeoff,860.1731818,0.260036381,2116.671706,6967.907919,No Failure
1/4/2024 8:40,Cruise,812.1824627,0.322468473,2225.221432,6494.70089,No Failure
1/4/2024 8:50,Landing,778.8873145,0.393259083,2929.793943,6742.390803,No Failure
1/4/2024 9:00,Climb,817.6713558,0.158163427,2306.434675,7765.097599,No Failure
1/4/2024 9:10,Taxi,795.9225998,0.123919119,2477.294391,7332.463581,Compressor Stall
1/4/2024 9:20,Climb,934.3570818,0.147434369,2512.69421,6537.717943,No Failure
1/4/2024 9:30,Taxi,894.0819878,0.42625841,1540.163422,6201.200415,No Failure
1/4/2024 9:40,Landing,849.6013679,0.244814185,2493.081127,6836.491341,No Failure
1/4/2024 9:50,Climb,923.9972069,0.555819929,2155.136113,6893.27161,No Failure
1/4/2024 10:00,Climb,853.8684154,0.24357524,2253.438589,7248.099594,No Failure
1/4/2024 10:10,Takeoff,806.9357899,0.31845513,3221.816002,6732.341644,No Failure
1/4/2024 10:20,Descent,926.1562039,0.454210995,1871.746553,7255.749788,No Failure
1/4/2024 10:30,Landing,876.9455022,0.500609289,2906.602593,7967.57702,Overheating
1/4/2024 10:40,Cruise,798.1376923,0.506150358,2360.518535,7407.750511,No Failure
1/4/2024 10:50,Landing,840.4830661,0.420836623,2360.119916,6975.955746,No Failure
1/4/2024 11:00,Cruise,806.2190873,0.402406253,2895.185948,6908.424764,No Failure
1/4/2024 11:10,Cruise,780.8600135,0.359252695,2670.025647,6821.663433,No Failure
1/4/2024 11:20,Taxi,896.3088774,0.377836108,2785.306499,7590.320456,No Failure
1/4/2024 11:30,Cruise,945.470832,0.244881428,2984.09233,6686.343277,No Failure
1/4/2024 11:40,Cruise,780.0716213,0.218180112,2334.345808,7022.611354,No Failure
1/4/2024 11:50,Takeoff,878.1484618,0.299662554,2193.881633,7025.598951,No Failure
1/4/2024 12:00,Climb,817.4678715,0.282981538,1957.424737,6749.107904,No Failure
1/4/2024 12:10,Landing,825.6437308,0.254677195,2087.294735,6313.767226,No Failure
1/4/2024 12:20,Landing,820.3803038,0.369638745,3974.547213,7161.487252,No Failure
1/4/2024 12:30,Cruise,806.8004615,0.395530521,3122.33979,6969.498014,No Failure
1/4/2024 12:40,Descent,852.4260814,0.308840689,1824.462817,7250.120235,No Failure
1/4/2024 12:50,Landing,808.4524942,0.447753008,1838.771022,6733.199847,No Failure
1/4/2024 13:00,Cruise,863.5228413,0.185831089,2740.933031,7610.410649,No Failure
1/4/2024 13:10,Taxi,847.4880945,0.280634054,2773.632399,6561.613109,No Failure
1/4/2024 13:20,Taxi,838.0525977,0.228317768,2774.441918,7856.020142,No Failure
1/4/2024 13:30,Taxi,804.6218169,0.113346338,2372.522103,6126.181745,No Failure
1/4/2024 13:40,Cruise,821.1614335,0.291731931,2437.27287,7217.385032,No Failure
1/4/2024 13:50,Takeoff,887.7695613,0.287825249,2663.939762,7237.715341,No Failure
1/4/2024 14:00,Descent,875.0458594,0.451344974,2542.946503,6602.221466,No Failure
1/4/2024 14:10,Cruise,801.1222378,0.363081168,1390.349814,7212.196969,No Failure
1/4/2024 14:20,Takeoff,854.9666153,0.197581318,2385.100185,7639.759335,No Failure
1/4/2024 14:30,Takeoff,887.5693562,0.485409257,2074.296783,6000,Sensor Malfunction
1/4/2024 14:40,Landing,766.5297359,0.42210337,2587.605709,7251.372404,No Failure
1/4/2024 14:50,Cruise,877.1680096,0.35820977,3992.629501,6000,No Failure
1/4/2024 15:00,Cruise,816.8688121,0.27735159,2683.740833,6517.167598,No Failure
1/4/2024 15:10,Takeoff,878.5299334,0.204056076,2343.235157,7814.583182,No Failure
1/4/2024 15:20,Takeoff,811.8370422,0.262779322,2960.900751,6709.108983,No Failure
1/4/2024 15:30,Takeoff,759.755895,0.408874862,2741.343944,6413.060018,No Failure
1/4/2024 15:40,Landing,768.6228781,0.488458631,2710.047245,6901.031136,No Failure
1/4/2024 15:50,Cruise,852.4042473,0.454324353,2803.425297,8033.953169,No Failure
1/4/2024 16:00,Takeoff,862.9861251,0.251115058,3528.271782,6084.158876,No Failure
1/4/2024 16:10,Taxi,804.7841687,0.188038257,1934.555782,6474.345044,No Failure
1/4/2024 16:20,Cruise,881.9296229,0.314088625,2736.816038,7748.715842,No Failure
1/4/2024 16:30,Landing,766.9239969,0.123156063,2036.809435,7928.851172,No Failure
1/4/2024 16:40,Taxi,846.6960101,0.332316771,2777.756323,6948.284388,No Failure
1/4/2024 16:50,Climb,789.44919,0.285239741,2040.656744,6380.473649,No Failure
1/4/2024 17:00,Cruise,817.4081946,0.25339635,2291.316593,8047.921751,No Failure
1/4/2024 17:10,Climb,852.3699336,0.140529693,2352.455043,7797.221196,Overheating
1/4/2024 17:20,Takeoff,806.9793317,0.351360011,2987.90836,7339.473494,No Failure
1/4/2024 17:30,Landing,830.7722228,0.246729916,2959.227222,6593.798826,No Failure
1/4/2024 17:40,Takeoff,900.3146405,0.183008316,1877.141312,6975.48533,No Failure
1/4/2024 17:50,Landing,821.1554065,0.1,2527.467055,6919.819959,No Failure
1/4/2024 18:00,Descent,891.7846056,0.297248509,2145.210073,7165.425652,No Failure
1/4/2024 18:10,Takeoff,793.5146573,0.47722516,1870.747545,7725.500719,No Failure
1/4/2024 18:20,Climb,876.4902089,0.466125921,2391.491475,7439.708521,No Failure
1/4/2024 18:30,Landing,922.078431,0.254290374,2345.758606,6461.311962,No Failure
1/4/2024 18:40,Takeoff,726.417775,0.239778794,3713.358243,7688.248225,No Failure
1/4/2024 18:50,Cruise,810.1552372,0.346877426,2716.479913,7156.56607,No Failure
1/4/2024 19:00,Landing,878.8536064,0.200161456,1811.19125,7343.532898,No Failure
1/4/2024 19:10,Landing,839.8477307,0.33017919,2217.612998,7733.27043,No Failure
1/4/2024 19:20,Takeoff,868.5572937,0.376608028,3010.691648,6444.209875,No Failure
1/4/2024 19:30,Descent,819.8007407,0.422693322,3544.221386,6982.087211,No Failure
1/4/2024 19:40,Takeoff,854.3294894,0.289984592,1707.008344,6734.272724,No Failure
1/4/2024 19:50,Climb,842.2161382,0.279632625,1560.037807,6216.070287,No Failure
1/4/2024 20:00,Climb,908.3891031,0.212201741,3435.482588,7173.354989,Overheating
1/4/2024 20:10,Landing,862.7210422,0.217311965,2694.807089,8255.778276,No Failure
1/4/2024 20:20,Landing,866.8801331,0.277352111,2065.853634,6079.961128,Sensor Malfunction
1/4/2024 20:30,Takeoff,829.4061517,0.336736551,2767.314543,6983.859694,No Failure
1/4/2024 20:40,Climb,825.6196888,0.391358463,1182.12613,7320.271468,No Failure
1/4/2024 20:50,Climb,828.3720906,0.219682105,2501.687753,7061.539101,No Failure
1/4/2024 21:00,Descent,869.7226071,0.449268857,2663.910586,6943.435974,No Failure
1/4/2024 21:10,Cruise,828.950776,0.27288764,2962.13507,6350.391818,No Failure
1/4/2024 21:20,Descent,864.4887428,0.297863271,1993.052024,7116.393371,No Failure
1/4/2024 21:30,Taxi,953.7700399,0.225278832,2542.843581,6621.618011,No Failure
1/4/2024 21:40,Descent,893.5562352,0.1,2037.287687,6000,No Failure
1/4/2024 21:50,Takeoff,833.6988234,0.38840454,2627.691878,7597.29611,No Failure
1/4/2024 22:00,Cruise,910.0606961,0.37368439,2052.326839,7479.19291,No Failure
1/4/2024 22:10,Takeoff,829.5962313,0.271867244,2295.94958,7025.830488,No Failure
1/4/2024 22:20,Taxi,748.0937732,0.306699072,2002.092303,7114.537344,No Failure
1/4/2024 22:30,Cruise,799.5956845,0.351593922,2825.568121,7537.159006,No Failure
1/4/2024 22:40,Landing,756.4604039,0.143745414,2929.225558,7112.169828,No Failure
1/4/2024 22:50,Climb,832.4243258,0.247094732,2382.689715,7452.008777,No Failure
1/4/2024 23:00,Descent,850.920919,0.379426468,2519.118997,6851.2589,No Failure
1/4/2024 23:10,Takeoff,933.8218656,0.174571058,1775.704293,7655.991869,No Failure
1/4/2024 23:20,Taxi,866.3463687,0.329355793,2350.161676,7160.392863,No Failure
1/4/2024 23:30,Climb,839.0449736,0.16434182,2474.897691,7097.025972,No Failure
1/4/2024 23:40,Descent,891.4702791,0.346642998,3810.396546,6364.969456,No Failure
1/4/2024 23:50,Climb,739.4432345,0.296435852,1944.016487,7143.477927,No Failure
1/5/2024 0:00,Descent,861.7807279,0.138486818,3232.088619,6584.022541,No Failure
1/5/2024 0:10,Landing,888.5432597,0.416473935,2998.429387,6680.858637,No Failure
1/5/2024 0:20,Cruise,776.0706877,0.226540842,2640.318202,6592.312186,No Failure
1/5/2024 0:30,Climb,907.1877022,0.218974756,3379.310242,6466.882534,No Failure
1/5/2024 0:40,Climb,866.9248204,0.32005692,2686.052736,8062.385702,No Failure
1/5/2024 0:50,Climb,829.2356043,0.414863735,2694.579598,7665.669531,No Failure
1/5/2024 1:00,Cruise,881.6390933,0.198417818,2473.439673,7960.183751,No Failure
1/5/2024 1:10,Taxi,963.5346429,0.306167985,3111.784441,6388.55249,No Failure
1/5/2024 1:20,Descent,859.0933128,0.34288165,3048.234617,7035.626875,No Failure
1/5/2024 1:30,Landing,862.4110293,0.369310561,2187.161356,6353.246187,No Failure
1/5/2024 1:40,Climb,827.031955,0.317644156,1840.376403,6652.152561,No Failure
1/5/2024 1:50,Cruise,807.5077815,0.263297216,2398.509681,6540.936508,No Failure
1/5/2024 2:00,Taxi,891.5167908,0.217240978,2099.980718,7619.792003,No Failure
1/5/2024 2:10,Descent,807.1958087,0.308614388,2468.237713,6801.885161,No Failure
1/5/2024 2:20,Cruise,853.5783119,0.192786099,3118.719067,7534.189667,No Failure
1/5/2024 2:30,Landing,826.1171277,0.1,2271.349172,7302.060445,Overheating
1/5/2024 2:40,Landing,873.9489913,0.34365598,2478.588309,8151.819376,No Failure
1/5/2024 2:50,Descent,866.6831053,0.390393484,2529.011367,6260.277888,No Failure
1/5/2024 3:00,Climb,901.8769972,0.1,2924.215441,7629.61662,No Failure
1/5/2024 3:10,Landing,824.4991801,0.19902693,1376.555333,7573.220435,No Failure
1/5/2024 3:20,Taxi,836.5062532,0.361915426,2196.649853,6513.310581,No Failure
1/5/2024 3:30,Cruise,801.0618142,0.505749547,2605.641846,7503.566668,No Failure
1/5/2024 3:40,Taxi,827.785337,0.302079371,3100.039478,7168.072482,No Failure
1/5/2024 3:50,Climb,868.8650247,0.227199706,2254.048776,6886.26187,No Failure
1/5/2024 4:00,Taxi,887.8494308,0.281710356,1561.723647,6588.032257,No Failure
1/5/2024 4:10,Taxi,803.8917338,0.437487642,2809.855723,6640.445274,No Failure
1/5/2024 4:20,Takeoff,893.480296,0.235403582,2182.318806,8024.906048,No Failure
1/5/2024 4:30,Taxi,917.7818929,0.220080799,1905.16667,7000.341409,No Failure
1/5/2024 4:40,Descent,870.6717452,0.251725648,2187.827305,7391.065001,No Failure
1/5/2024 4:50,Cruise,943.8397906,0.204667139,2407.737321,6604.550309,No Failure
1/5/2024 5:00,Takeoff,811.31054,0.312267032,2197.627668,6610.073527,No Failure
1/5/2024 5:10,Cruise,787.7672648,0.462467846,1397.216971,7540.992405,No Failure
1/5/2024 5:20,Cruise,761.0639876,0.332307927,2948.533098,6325.211894,No Failure
1/5/2024 5:30,Climb,924.8022156,0.27476465,3137.437521,6792.393116,No Failure
1/5/2024 5:40,Climb,882.7182828,0.270818873,2825.760996,7017.013706,Sensor Malfunction
1/5/2024 5:50,Takeoff,847.2207665,0.143680919,1931.157165,7055.686301,No Failure
1/5/2024 6:00,Landing,863.9984313,0.388310978,2399.254233,6910.453357,No Failure
1/5/2024 6:10,Climb,793.7255476,0.29221628,2496.739342,7197.909891,No Failure
1/5/2024 6:20,Climb,972.287599,0.281952009,2799.397195,7346.427878,No Failure
1/5/2024 6:30,Climb,856.4610591,0.619310757,2834.170244,7367.318773,No Failure
1/5/2024 6:40,Cruise,855.4697397,0.329875291,2132.913101,6507.098096,No Failure
1/5/2024 6:50,Takeoff,886.2883312,0.224820895,2540.997778,6857.922451,Compressor Stall
1/5/2024 7:00,Cruise,874.0504616,0.25736424,2728.640202,7597.381431,No Failure
1/5/2024 7:10,Descent,861.1942012,0.414844571,3227.911161,7447.323594,No Failure
1/5/2024 7:20,Cruise,810.4762772,0.311327041,2852.25327,6313.570274,No Failure
1/5/2024 7:30,Descent,873.5734179,0.156172202,2894.528344,7175.73995,No Failure
1/5/2024 7:40,Taxi,944.1012248,0.391922893,2541.913314,6010.887375,No Failure
1/5/2024 7:50,Taxi,917.2710023,0.233185591,3205.229573,7023.467451,No Failure
1/5/2024 8:00,Descent,929.6593313,0.487329778,2704.881398,7948.883508,No Failure
1/5/2024 8:10,Descent,824.4392162,0.408004807,2069.456045,6526.053641,No Failure
1/5/2024 8:20,Cruise,800.519759,0.25526781,3201.684985,6582.838477,No Failure
1/5/2024 8:30,Descent,843.710654,0.428101636,2848.951636,7382.014891,No Failure
1/5/2024 8:40,Takeoff,852.7862456,0.306785551,2278.477989,6228.599242,No Failure
1/5/2024 8:50,Taxi,904.7095759,0.385277368,2260.253516,6683.622485,No Failure
1/5/2024 9:00,Taxi,765.3767685,0.348473282,2648.287773,7298.220569,No Failure
1/5/2024 9:10,Landing,926.477516,0.215364335,2731.592398,6682.857076,No Failure
1/5/2024 9:20,Descent,842.0996051,0.235645017,2598.646133,6882.015006,No Failure
1/5/2024 9:30,Climb,828.6559465,0.402996082,2655.654337,7372.092855,No Failure
1/5/2024 9:40,Climb,799.3947812,0.266522467,3349.978687,7210.773042,No Failure
1/5/2024 9:50,Descent,767.2571664,0.259635154,3035.771576,7133.409198,No Failure
1/5/2024 10:00,Takeoff,891.1585292,0.204487742,2595.317796,6830.43886,No Failure
1/5/2024 10:10,Climb,853.6658984,0.342359907,2970.65529,7185.030558,No Failure
1/5/2024 10:20,Landing,785.501955,0.506252492,1983.738048,6938.13366,No Failure
1/5/2024 10:30,Descent,785.2460614,0.193246709,2698.963525,7228.902805,No Failure
1/5/2024 10:40,Takeoff,833.210765,0.302421946,3404.653175,6751.533987,No Failure
1/5/2024 10:50,Takeoff,933.4510763,0.441222056,2390.977052,6908.715513,No Failure
1/5/2024 11:00,Cruise,837.0204324,0.292035861,2076.183036,6505.021104,No Failure
1/5/2024 11:10,Takeoff,774.8428523,0.34523718,2173.955556,6982.496195,No Failure
1/5/2024 11:20,Climb,837.7128468,0.193760647,1955.183481,6594.499568,No Failure
1/5/2024 11:30,Climb,836.3638215,0.34283071,2107.619046,6442.976775,No Failure
1/5/2024 11:40,Descent,715.1556679,0.281285573,2314.745951,7129.330574,No Failure
1/5/2024 11:50,Descent,847.2852567,0.398573,1797.21649,7106.369888,Sensor Malfunction
1/5/2024 12:00,Takeoff,838.4532735,0.418738605,2507.809167,7391.436867,No Failure
1/5/2024 12:10,Landing,884.8103182,0.558956364,2951.138587,6784.437215,No Failure
1/5/2024 12:20,Taxi,942.4478047,0.357963317,2046.12191,7204.026423,No Failure
1/5/2024 12:30,Cruise,906.3282515,0.332579632,3259.641962,7275.398786,No Failure
1/5/2024 12:40,Taxi,836.5555655,0.31943843,2755.396044,7222.386904,No Failure
1/5/2024 12:50,Takeoff,794.6737046,0.264683371,3015.290293,6587.173159,No Failure
1/5/2024 13:00,Takeoff,978.6679902,0.333848384,2171.082723,7074.681741,No Failure
1/5/2024 13:10,Taxi,852.9609217,0.270459859,2927.262614,7182.070148,No Failure
1/5/2024 13:20,Cruise,850.6964646,0.316846098,1954.03305,7003.589233,No Failure
1/5/2024 13:30,Taxi,848.7937456,0.431759754,2945.12375,6000,No Failure
1/5/2024 13:40,Descent,859.904238,0.199345743,2585.91967,7080.244812,No Failure
1/5/2024 13:50,Climb,842.7819794,0.413987856,2776.62561,8106.26552,No Failure
1/5/2024 14:00,Landing,821.3168997,0.431711507,1912.202697,6819.980366,No Failure
1/5/2024 14:10,Descent,822.6570529,0.288193147,2052.465079,6635.961451,No Failure
1/5/2024 14:20,Climb,848.3623365,0.1,2798.614109,7186.67428,No Failure
1/5/2024 14:30,Landing,822.8287614,0.239217801,2025.825998,7156.189105,No Failure
1/5/2024 14:40,Landing,814.3577109,0.429699455,2731.603146,7596.367583,Overheating
1/5/2024 14:50,Landing,855.3215114,0.297713194,1816.431097,6371.065922,No Failure
1/5/2024 15:00,Takeoff,837.2511391,0.200069777,2924.087106,7365.690126,No Failure
1/5/2024 15:10,Landing,925.1996494,0.249522508,1883.738343,7295.211031,No Failure
1/5/2024 15:20,Cruise,717.4515096,0.384062003,2776.149969,6928.926732,No Failure
1/5/2024 15:30,Taxi,904.5753426,0.354673357,2812.815467,7169.343659,No Failure
1/5/2024 15:40,Cruise,912.3042596,0.27610679,2151.614091,7514.728741,No Failure
1/5/2024 15:50,Taxi,746.3304884,0.263317559,2791.013284,7436.15769,No Failure
1/5/2024 16:00,Descent,832.8656203,0.260824185,2630.221132,6428.490344,No Failure
1/5/2024 16:10,Descent,831.4279567,0.207758982,2230.579072,7410.079093,No Failure
1/5/2024 16:20,Taxi,779.6244153,0.461537569,1995.722658,6967.655697,No Failure
1/5/2024 16:30,Cruise,811.1091656,0.267767953,1518.687154,7036.437049,No Failure
1/5/2024 16:40,Taxi,794.4712077,0.421715852,2674.825024,7036.598496,No Failure
1/5/2024 16:50,Landing,937.6135222,0.452131605,1717.598614,6924.878506,No Failure
1/5/2024 17:00,Takeoff,896.7839197,0.39983109,2547.6721,7595.853749,No Failure
1/5/2024 17:10,Descent,913.5777547,0.256837969,2368.275892,6958.14102,No Failure
1/5/2024 17:20,Takeoff,886.0836032,0.340373009,2839.571388,6440.226936,No Failure
1/5/2024 17:30,Landing,793.5474114,0.297580439,2348.97725,6803.235072,No Failure
1/5/2024 17:40,Landing,823.7739867,0.209629814,2335.276107,7089.347358,No Failure
1/5/2024 17:50,Descent,874.4687281,0.332435928,2865.935352,7614.607392,No Failure
1/5/2024 18:00,Descent,788.8936096,0.182096021,2667.529015,7301.547342,No Failure
1/5/2024 18:10,Landing,885.6499215,0.418767939,2658.077979,6574.732361,No Failure
1/5/2024 18:20,Climb,837.9837301,0.25353827,2734.633795,8242.594958,No Failure
1/5/2024 18:30,Takeoff,831.2589596,0.320115966,1732.213938,7132.387655,No Failure
1/5/2024 18:40,Takeoff,885.5479984,0.328328787,2878.39434,7637.695369,No Failure
1/5/2024 18:50,Climb,872.2131656,0.274109503,2806.234397,6924.142783,No Failure
1/5/2024 19:00,Cruise,831.9516917,0.35866938,1991.658436,7266.679622,No Failure
1/5/2024 19:10,Takeoff,907.9664902,0.252509634,2377.959763,7419.734252,No Failure
1/5/2024 19:20,Taxi,795.9468336,0.38712973,2480.346356,7609.097356,No Failure
1/5/2024 19:30,Landing,880.7967803,0.165402032,2432.751608,7528.684153,No Failure
1/5/2024 19:40,Landing,879.6550629,0.312637958,2666.929983,7436.0985,No Failure
1/5/2024 19:50,Climb,834.522678,0.4938929,3215.683391,6842.456634,No Failure
1/5/2024 20:00,Takeoff,866.3066511,0.199966868,3040.883364,6714.126979,No Failure
1/5/2024 20:10,Cruise,787.4443212,0.232225503,1843.890403,7166.303755,No Failure
1/5/2024 20:20,Takeoff,896.201351,0.351390785,2811.034995,7466.564036,Compressor Stall
1/5/2024 20:30,Landing,840.7548932,0.317958178,3164.46666,6888.63965,No Failure
1/5/2024 20:40,Descent,823.863849,0.33506301,2693.40426,7532.585983,No Failure
1/5/2024 20:50,Taxi,902.4504613,0.348918713,3045.490213,7726.308373,No Failure
1/5/2024 21:00,Climb,814.7828155,0.363472147,3506.135223,6541.83954,No Failure
1/5/2024 21:10,Descent,779.5769352,0.410969984,3011.854773,6581.539648,No Failure
1/5/2024 21:20,Cruise,772.1685413,0.340981866,2624.654298,6929.812471,No Failure
1/5/2024 21:30,Descent,880.3004976,0.275874235,3022.544237,7153.806334,No Failure
1/5/2024 21:40,Descent,785.9785324,0.36725737,2572.443917,6737.716493,Sensor Malfunction
1/5/2024 21:50,Cruise,937.7397091,0.489988193,2511.951522,7676.101339,No Failure
1/5/2024 22:00,Descent,745.9035296,0.286736625,2324.292882,7212.033431,No Failure
1/5/2024 22:10,Climb,934.8228184,0.20254707,3281.706679,7019.723524,No Failure
1/5/2024 22:20,Landing,860.5508734,0.410708067,2090.785667,6282.045238,No Failure
1/5/2024 22:30,Takeoff,845.1643444,0.287961884,3266.183862,6342.092092,No Failure
1/5/2024 22:40,Descent,822.7540457,0.1,2749.932062,7140.504625,No Failure
1/5/2024 22:50,Climb,869.9568057,0.384742168,1800.346913,6000,No Failure
1/5/2024 23:00,Takeoff,848.1182649,0.246467181,2683.824646,7506.318705,No Failure
1/5/2024 23:10,Takeoff,905.1650941,0.290946672,1449.986746,6920.923078,No Failure
1/5/2024 23:20,Descent,855.7113824,0.333198033,2812.754008,8621.546485,No Failure
1/5/2024 23:30,Climb,857.5150881,0.319049968,2942.615741,8153.958125,No Failure
1/5/2024 23:40,Landing,831.8193894,0.370945182,2203.822022,6909.275465,No Failure
1/5/2024 23:50,Descent,847.1527188,0.256451363,2561.773848,6946.831499,No Failure
1/6/2024 0:00,Cruise,865.3900884,0.35131058,3477.078717,7497.790757,Oil Leakage
1/6/2024 0:10,Takeoff,764.4915804,0.274045332,2247.126648,7851.586305,No Failure
1/6/2024 0:20,Descent,782.5907289,0.373881048,1970.546206,6180.985471,No Failure
1/6/2024 0:30,Takeoff,887.1632047,0.361536748,3240.831701,6106.812267,No Failure
1/6/2024 0:40,Climb,858.5432719,0.20645613,3481.293595,6688.982597,No Failure
1/6/2024 0:50,Taxi,840.8008332,0.408598212,2501.847836,7291.368792,No Failure
1/6/2024 1:00,Descent,850.9216967,0.246403655,3005.731518,7248.436795,No Failure
1/6/2024 1:10,Landing,867.3790853,0.38080578,3170.737958,7534.885727,No Failure
1/6/2024 1:20,Descent,823.012016,0.336728731,2128.757884,6400.151236,No Failure
1/6/2024 1:30,Takeoff,811.0847637,0.483818368,2257.347082,6000,No Failure
1/6/2024 1:40,Climb,859.7922628,0.277653402,3115.437257,7429.007098,No Failure
1/6/2024 1:50,Cruise,801.0813611,0.26506832,3342.507139,6585.901864,No Failure
1/6/2024 2:00,Landing,870.4126378,0.298058039,2781.44043,6000,No Failure
1/6/2024 2:10,Climb,764.8708198,0.269682022,2060.092823,7072.531873,No Failure
1/6/2024 2:20,Descent,901.4577819,0.37999419,3493.530556,7396.587844,No Failure
1/6/2024 2:30,Cruise,873.6298741,0.138368939,2234.514551,6938.971434,No Failure
1/6/2024 2:40,Climb,862.8014867,0.194631758,2332.431109,6771.075807,No Failure
1/6/2024 2:50,Taxi,899.1345492,0.193219708,2671.168917,6920.318884,No Failure
1/6/2024 3:00,Landing,933.2737222,0.395030759,3277.08021,6814.708619,No Failure
1/6/2024 3:10,Takeoff,900.7185033,0.471061337,2926.987988,6325.976444,No Failure
1/6/2024 3:20,Climb,757.9562884,0.289555078,2707.43275,6642.659662,No Failure
1/6/2024 3:30,Climb,786.0211517,0.283117828,2731.644265,7260.639953,No Failure
1/6/2024 3:40,Taxi,818.7590711,0.307005216,2521.757334,7160.839271,No Failure
1/6/2024 3:50,Descent,851.3045525,0.41618783,2779.069757,7084.029903,No Failure
1/6/2024 4:00,Landing,875.882951,0.207264687,1235.219961,6502.425759,Overheating
1/6/2024 4:10,Landing,813.7128093,0.323836898,2351.69627,6909.248419,No Failure
1/6/2024 4:20,Takeoff,859.3383382,0.397519763,2620.660967,6000,No Failure
1/6/2024 4:30,Climb,812.2308534,0.350109417,1924.492958,7089.238332,No Failure
1/6/2024 4:40,Cruise,819.4241099,0.318958162,2693.161659,7714.428854,No Failure
1/6/2024 4:50,Climb,779.6669452,0.400104609,2397.76439,6262.933934,No Failure
1/6/2024 5:00,Takeoff,803.8383377,0.1,3377.737849,6707.036163,No Failure
1/6/2024 5:10,Climb,782.4157697,0.367787532,3286.509863,7164.553389,No Failure
1/6/2024 5:20,Taxi,801.2063374,0.234592432,2267.097215,7626.421317,No Failure
1/6/2024 5:30,Climb,902.6820898,0.11693671,2424.581144,6775.887692,No Failure
1/6/2024 5:40,Climb,802.5300556,0.35112026,2463.026217,6653.874835,No Failure
1/6/2024 5:50,Cruise,981.6191032,0.437365855,2274.170262,6015.538429,No Failure
1/6/2024 6:00,Taxi,874.665895,0.286255149,2597.512492,7051.719065,No Failure
1/6/2024 6:10,Taxi,859.2418062,0.395287455,2120.858966,8021.03802,No Failure
1/6/2024 6:20,Climb,807.082111,0.461227826,1934.692333,7138.679231,No Failure
1/6/2024 6:30,Landing,885.015494,0.431491445,2811.355612,6988.86051,No Failure
1/6/2024 6:40,Cruise,821.2181087,0.463996453,2814.764792,7161.041155,Overheating
1/6/2024 6:50,Climb,856.1004907,0.374212749,2097.84212,6994.453998,No Failure
1/6/2024 7:00,Climb,978.0042269,0.307543364,2947.677715,6593.492814,Oil Leakage
1/6/2024 7:10,Takeoff,845.197005,0.139803419,2184.211135,7411.639958,No Failure
1/6/2024 7:20,Takeoff,907.4636663,0.275393751,2626.582619,7112.880762,No Failure
1/6/2024 7:30,Landing,814.8411787,0.21567534,2910.172006,7008.806626,No Failure
1/6/2024 7:40,Cruise,848.2505755,0.517094272,2483.193718,6512.316986,No Failure
1/6/2024 7:50,Descent,938.5400318,0.282411419,2727.370456,7651.753966,No Failure
1/6/2024 8:00,Takeoff,818.6516471,0.312320481,2241.785178,7332.351373,No Failure
1/6/2024 8:10,Descent,940.6224279,0.355148538,2401.766708,6723.539581,No Failure
1/6/2024 8:20,Taxi,885.3875968,0.304360245,2397.070285,7500.912427,No Failure
1/6/2024 8:30,Takeoff,821.8766612,0.469505104,2126.710827,6751.214581,No Failure
1/6/2024 8:40,Takeoff,881.620387,0.237735064,2411.612918,6608.998254,No Failure
1/6/2024 8:50,Cruise,898.6277225,0.319460746,1725.690851,6620.148441,No Failure
1/6/2024 9:00,Landing,881.0904981,0.225752941,2254.423126,6114.465723,No Failure
1/6/2024 9:10,Descent,771.488764,0.167997749,2357.562253,7235.77119,No Failure
1/6/2024 9:20,Takeoff,813.6431412,0.238823091,2371.910124,6084.427561,No Failure
1/6/2024 9:30,Takeoff,837.6240682,0.29629632,2379.251277,6385.778084,No Failure
1/6/2024 9:40,Cruise,846.2783285,0.257069778,2469.1179,6000,No Failure
1/6/2024 9:50,Cruise,881.0336049,0.230757902,2739.720759,6956.965154,No Failure
1/6/2024 10:00,Landing,858.88505,0.159368254,2937.258537,6924.83977,No Failure
1/6/2024 10:10,Descent,783.2327821,0.291689443,2175.117387,6836.651893,No Failure
1/6/2024 10:20,Taxi,869.0098926,0.149527963,1898.399572,6478.711153,No Failure
1/6/2024 10:30,Landing,880.5292873,0.376005596,1978.977794,6413.883123,Compressor Stall
1/6/2024 10:40,Taxi,877.9895224,0.308243975,2256.398539,7232.184932,No Failure
1/6/2024 10:50,Climb,904.0390363,0.15424485,2324.039341,6724.724034,No Failure
1/6/2024 11:00,Takeoff,891.6961077,0.269079092,2115.001967,7158.179161,No Failure
1/6/2024 11:10,Descent,872.959004,0.224784359,1851.941668,6557.375657,No Failure
1/6/2024 11:20,Landing,846.4917144,0.331917451,2271.939586,7090.531371,No Failure
1/6/2024 11:30,Takeoff,766.9519533,0.434045045,2590.71331,7651.639019,No Failure
1/6/2024 11:40,Descent,871.480911,0.112482753,2797.514733,7293.0829,No Failure
1/6/2024 11:50,Descent,860.3843844,0.311502608,2221.288473,6793.793091,No Failure
1/6/2024 12:00,Descent,863.5789419,0.28398672,2293.501089,7128.599485,No Failure
1/6/2024 12:10,Takeoff,786.1625712,0.367134008,2036.650846,6879.667413,No Failure
1/6/2024 12:20,Landing,795.947173,0.321319663,2484.280415,7003.940092,No Failure
1/6/2024 12:30,Cruise,902.6576427,0.224803067,2075.785683,6837.194474,No Failure
1/6/2024 12:40,Takeoff,848.0222423,0.268094606,2786.563907,6917.832397,No Failure
1/6/2024 12:50,Descent,884.0750349,0.220397414,1607.066754,7106.046677,No Failure
1/6/2024 13:00,Landing,851.4159188,0.407600714,2320.185164,6503.32065,No Failure
1/6/2024 13:10,Climb,851.487807,0.302131165,2650.55367,6492.060587,No Failure
1/6/2024 13:20,Taxi,896.9141903,0.490119069,2591.917258,6305.728723,No Failure
1/6/2024 13:30,Descent,824.1977636,0.293933919,3846.516832,6199.864448,Overheating
1/6/2024 13:40,Climb,854.8060388,0.229159323,2674.900012,6391.358654,No Failure
1/6/2024 13:50,Cruise,826.8862356,0.148628561,1997.972702,7079.731253,No Failure
1/6/2024 14:00,Descent,828.2751886,0.119686032,2452.267876,6553.606242,No Failure
1/6/2024 14:10,Climb,834.5413938,0.141586406,1611.876833,7256.807232,Overheating
1/6/2024 14:20,Descent,861.1066886,0.326712665,2459.700125,7017.356874,No Failure
1/6/2024 14:30,Takeoff,826.0625689,0.350872502,2083.471971,6015.747893,No Failure
1/6/2024 14:40,Landing,912.7878063,0.14188093,2957.695138,7327.487792,No Failure
1/6/2024 14:50,Climb,805.2696349,0.389503831,2225.229863,7405.399323,No Failure
1/6/2024 15:00,Landing,840.6564178,0.251693895,2441.617042,6503.068663,No Failure
1/6/2024 15:10,Takeoff,828.0134471,0.314679301,2182.221079,7210.095771,No Failure
1/6/2024 15:20,Takeoff,922.3488942,0.461222063,3369.425676,6571.750881,No Failure
1/6/2024 15:30,Landing,859.8277388,0.389683932,2339.378617,7048.835188,No Failure
1/6/2024 15:40,Climb,901.592227,0.273146935,3416.278522,6367.750797,No Failure
1/6/2024 15:50,Landing,775.7219813,0.210880777,2907.075881,6103.446774,No Failure
1/6/2024 16:00,Landing,863.3525133,0.1,2741.033364,6808.591405,No Failure
1/6/2024 16:10,Taxi,894.4815398,0.228084668,2684.366574,6938.135527,No Failure
1/6/2024 16:20,Climb,854.1141995,0.278886976,2696.898649,6801.160153,No Failure
1/6/2024 16:30,Taxi,903.2740188,0.201282047,1536.16371,6407.984721,No Failure
1/6/2024 16:40,Descent,824.1355775,0.286874303,2360.558303,6800.050469,No Failure
1/6/2024 16:50,Landing,920.467372,0.307685188,2922.578986,7134.647376,No Failure
1/6/2024 17:00,Descent,964.9449062,0.277514402,2475.551408,6977.553485,No Failure
1/6/2024 17:10,Climb,831.858072,0.234999742,1797.405077,7091.250515,No Failure
1/6/2024 17:20,Landing,827.7248739,0.316865467,2473.797775,6664.9424,No Failure
1/6/2024 17:30,Descent,922.6692239,0.344194065,3352.052758,7585.858957,No Failure
1/6/2024 17:40,Cruise,928.9786073,0.190960092,3123.445858,6411.913332,No Failure
1/6/2024 17:50,Takeoff,823.8569986,0.441093238,2468.997995,7243.780149,No Failure
1/6/2024 18:00,Landing,828.9906591,0.290141187,2975.724639,7590.945546,No Failure
1/6/2024 18:10,Takeoff,835.9107696,0.301884962,2316.74649,7240.454046,No Failure
1/6/2024 18:20,Taxi,782.7774744,0.370821442,1648.064207,6898.737886,No Failure
1/6/2024 18:30,Descent,804.0674027,0.323321613,2037.767006,6735.851477,No Failure
1/6/2024 18:40,Taxi,799.7929617,0.395313663,3281.444384,7518.043826,No Failure
1/6/2024 18:50,Landing,811.6101217,0.328712417,2363.003459,6288.512537,No Failure
1/6/2024 19:00,Takeoff,848.2657556,0.238756263,2378.30801,6514.93787,No Failure
1/6/2024 19:10,Takeoff,861.7107366,0.336150353,2350.080902,6801.221117,Overheating
1/6/2024 19:20,Descent,927.5250246,0.185627379,3452.068295,7618.826879,No Failure
1/6/2024 19:30,Landing,800.082298,0.310855971,3312.979458,7189.883818,No Failure
1/6/2024 19:40,Cruise,899.2161199,0.296677001,3609.390117,6515.977121,No Failure
1/6/2024 19:50,Cruise,839.3005578,0.279188314,2420.477395,6844.846147,No Failure
1/6/2024 20:00,Descent,847.5268145,0.287146249,2647.812244,6692.838428,No Failure
1/6/2024 20:10,Landing,883.7409746,0.111815095,1741.678725,6645.105504,No Failure
1/6/2024 20:20,Descent,793.8638989,0.245127509,3238.467213,7489.444779,No Failure
1/6/2024 20:30,Landing,869.1204873,0.30928449,1916.110224,6314.128435,No Failure
1/6/2024 20:40,Taxi,858.3226104,0.315985639,2608.387782,7804.390428,No Failure
1/6/2024 20:50,Descent,874.6225632,0.197232486,1951.348736,7414.114845,No Failure
1/6/2024 21:00,Landing,864.4584322,0.426570784,2205.566587,7545.430835,No Failure
1/6/2024 21:10,Cruise,972.765007,0.213382515,2081.368784,6768.530244,No Failure
1/6/2024 21:20,Landing,818.1130008,0.39694572,2196.06237,6925.02964,No Failure
1/6/2024 21:30,Landing,823.4501522,0.342719436,2230.438648,6283.424093,No Failure
1/6/2024 21:40,Descent,818.8429737,0.235377269,2225.865603,6737.668796,No Failure
1/6/2024 21:50,Taxi,822.226144,0.477531089,2916.666956,7246.827424,No Failure
1/6/2024 22:00,Taxi,818.1306436,0.180636317,1947.568603,7648.031531,No Failure
1/6/2024 22:10,Taxi,909.4508266,0.391915417,2610.270714,6446.421592,No Failure
1/6/2024 22:20,Taxi,921.0252124,0.400058232,3108.979576,6817.247032,No Failure
1/6/2024 22:30,Climb,821.4626853,0.232937979,2243.401818,6924.35039,No Failure
1/6/2024 22:40,Descent,808.3822213,0.43924653,2141.040555,6302.105399,No Failure
1/6/2024 22:50,Takeoff,873.5707778,0.274995349,2384.737687,7295.674621,No Failure
1/6/2024 23:00,Descent,822.3888478,0.328869363,3089.862604,6638.004834,No Failure
1/6/2024 23:10,Climb,881.6465909,0.326032184,2597.053815,6902.304824,No Failure
1/6/2024 23:20,Taxi,860.146151,0.286569126,2234.392853,6774.025314,No Failure
1/6/2024 23:30,Climb,774.2127943,0.381080827,2741.938326,6605.330747,No Failure
1/6/2024 23:40,Cruise,927.3752601,0.379348872,1948.853925,6996.477507,No Failure
1/6/2024 23:50,Cruise,939.7938837,0.125146803,2840.679755,6892.195211,No Failure
1/7/2024 0:00,Descent,819.3605655,0.430434024,2704.303654,6814.071059,No Failure
1/7/2024 0:10,Descent,830.614922,0.133750801,2346.095764,6635.769189,No Failure
1/7/2024 0:20,Takeoff,864.2932695,0.40325462,2080.707101,7159.762335,No Failure
1/7/2024 0:30,Takeoff,866.7228395,0.412670514,2056.659539,7826.808634,No Failure
1/7/2024 0:40,Cruise,882.9272136,0.190903357,2767.408668,7069.943616,No Failure
1/7/2024 0:50,Taxi,950.5102269,0.258918571,3114.490251,7498.059107,No Failure
1/7/2024 1:00,Climb,841.1526386,0.189429533,2181.346126,6304.889037,No Failure
1/7/2024 1:10,Takeoff,810.0851378,0.278507897,2729.193352,7078.88072,No Failure
1/7/2024 1:20,Landing,781.0340386,0.269196572,1456.486491,6451.315841,No Failure
1/7/2024 1:30,Takeoff,813.453498,0.377966053,2207.691135,6261.537536,No Failure
1/7/2024 1:40,Taxi,848.3436514,0.431030875,2484.470534,6630.314296,No Failure
1/7/2024 1:50,Taxi,939.7278932,0.439568381,2045.158292,7595.949667,No Failure
1/7/2024 2:00,Descent,824.119435,0.243783197,2031.746813,7475.007914,No Failure
1/7/2024 2:10,Climb,861.1893976,0.279077813,2166.110222,7121.502361,No Failure
1/7/2024 2:20,Taxi,849.1788552,0.131656181,2646.096364,6233.64972,No Failure
1/7/2024 2:30,Takeoff,909.4196637,0.219412993,2406.335491,6901.859674,No Failure
1/7/2024 2:40,Takeoff,976.3466213,0.396485163,1380.884383,7150.850004,No Failure
1/7/2024 2:50,Cruise,823.4565614,0.461558282,1439.649924,7087.768115,No Failure
1/7/2024 3:00,Taxi,825.5280279,0.176565113,2196.567411,6078.103208,No Failure
1/7/2024 3:10,Landing,902.2080439,0.240753574,2728.843293,6554.841076,No Failure
1/7/2024 3:20,Descent,884.0945745,0.297359424,1126.247579,6967.961118,No Failure
1/7/2024 3:30,Climb,942.3353663,0.328016116,2250.134912,7268.145455,Overheating
1/7/2024 3:40,Landing,879.1964093,0.219039648,2236.876072,6000,No Failure
1/7/2024 3:50,Descent,832.0353955,0.342406104,3194.168889,6918.938012,No Failure
1/7/2024 4:00,Takeoff,879.5327415,0.252616065,2307.489094,7071.524385,No Failure
1/7/2024 4:10,Landing,905.435179,0.298554773,2691.494492,7424.805994,No Failure
1/7/2024 4:20,Descent,891.0241091,0.354628425,2570.62857,7346.428792,No Failure
1/7/2024 4:30,Takeoff,875.3637016,0.300642227,1434.71676,7291.285659,No Failure
1/7/2024 4:40,Takeoff,903.3337345,0.256361411,2884.103608,6600.029747,No Failure
1/7/2024 4:50,Takeoff,908.4647795,0.28903902,2607.698253,6045.998931,No Failure
1/7/2024 5:00,Takeoff,919.1079496,0.291163704,2754.13432,6803.473621,No Failure
1/7/2024 5:10,Takeoff,882.4354944,0.262998897,4000,7500.815913,No Failure
1/7/2024 5:20,Cruise,841.644096,0.274120394,1457.94353,7696.727264,No Failure
1/7/2024 5:30,Landing,857.3356843,0.459864717,3362.348325,7355.274551,No Failure
1/7/2024 5:40,Descent,910.3254483,0.356091945,2356.27624,7214.670411,No Failure
1/7/2024 5:50,Cruise,809.1532165,0.270451968,2643.664452,7189.819824,No Failure
1/7/2024 6:00,Cruise,868.4336654,0.36969544,2477.243877,6721.940627,No Failure
1/7/2024 6:10,Taxi,830.3330594,0.266618051,2287.881833,6934.969853,No Failure
1/7/2024 6:20,Taxi,851.4372411,0.417312464,2215.083536,7834.534763,No Failure
1/7/2024 6:30,Taxi,913.9225931,0.336964219,2664.754368,6528.720997,No Failure
1/7/2024 6:40,Climb,859.5549534,0.289269786,1741.413152,7807.389395,No Failure
1/7/2024 6:50,Taxi,852.3218274,0.344771693,2875.289584,6838.985923,No Failure
1/7/2024 7:00,Descent,782.007193,0.142912385,2291.902798,7662.716055,No Failure
1/7/2024 7:10,Cruise,887.3126783,0.187323253,1934.96533,6296.592495,No Failure
1/7/2024 7:20,Descent,882.2742091,0.180607499,2274.993571,7292.952101,No Failure
1/7/2024 7:30,Landing,958.1627362,0.314294309,3128.574608,6631.614932,No Failure
1/7/2024 7:40,Taxi,834.6110883,0.4732515,2232.332456,6292.366404,No Failure
1/7/2024 7:50,Climb,860.9575164,0.523130015,2679.226809,7109.267021,No Failure
1/7/2024 8:00,Landing,862.4691842,0.36380511,2134.521862,7504.735894,No Failure
1/7/2024 8:10,Climb,928.872664,0.350084447,2878.960925,6577.529281,No Failure
1/7/2024 8:20,Landing,845.2352234,0.119894227,2842.753869,6250.49202,No Failure
1/7/2024 8:30,Cruise,863.9510763,0.24573262,3424.304417,6954.077618,No Failure
1/7/2024 8:40,Descent,880.3948255,0.221221625,2412.218027,6956.282336,No Failure
1/7/2024 8:50,Takeoff,859.3304562,0.23791524,2834.327402,7274.159814,No Failure
1/7/2024 9:00,Descent,827.6783193,0.283185618,2549.03377,7474.797286,No Failure
1/7/2024 9:10,Taxi,859.7044996,0.252790942,3147.935891,6970.292409,No Failure
1/7/2024 9:20,Takeoff,903.6815875,0.102070019,2140.583806,7927.751657,No Failure
1/7/2024 9:30,Climb,798.674235,0.374791026,2872.502656,7112.117372,No Failure
1/7/2024 9:40,Cruise,856.6484837,0.192725697,2402.651352,6826.786747,No Failure
1/7/2024 9:50,Cruise,814.9939593,0.323924686,2467.905911,6194.21632,No Failure
1/7/2024 10:00,Climb,909.7523314,0.507408267,2545.876242,6868.67024,No Failure
1/7/2024 10:10,Taxi,773.8406548,0.208061541,2626.120198,6831.806527,No Failure
1/7/2024 10:20,Climb,822.0539076,0.1,2441.885478,7480.152398,No Failure
1/7/2024 10:30,Landing,868.8605938,0.271399578,2607.356592,7231.241812,No Failure
1/7/2024 10:40,Taxi,928.2762015,0.410095963,3289.059029,6410.315439,No Failure
1/7/2024 10:50,Takeoff,846.7124869,0.495834745,2992.724843,7086.127193,No Failure
1/7/2024 11:00,Climb,822.2400237,0.177045041,2934.577296,7335.765586,No Failure
1/7/2024 11:10,Taxi,944.0578535,0.349669922,2272.230237,7764.01568,No Failure
1/7/2024 11:20,Takeoff,777.599305,0.253468954,2055.379586,7443.751984,No Failure
1/7/2024 11:30,Climb,740.0597022,0.289405165,2977.650279,7380.423327,No Failure
1/7/2024 11:40,Cruise,872.0007225,0.564434335,2938.023396,7030.042997,No Failure
1/7/2024 11:50,Climb,824.8972888,0.149702967,3236.335338,7194.156003,No Failure
1/7/2024 12:00,Descent,798.9383591,0.325373966,2198.009687,7624.75245,No Failure
1/7/2024 12:10,Climb,885.4178224,0.346769317,2385.225672,6333.611301,No Failure
1/7/2024 12:20,Descent,862.1900357,0.408578632,1680.257919,6825.280336,No Failure
1/7/2024 12:30,Takeoff,821.7960685,0.309798315,2303.764447,6613.715626,No Failure
1/7/2024 12:40,Climb,785.9847801,0.330805054,2998.285255,7189.576559,No Failure
1/7/2024 12:50,Takeoff,893.6228664,0.260835143,2266.75231,7615.111088,No Failure
1/7/2024 13:00,Takeoff,882.5100589,0.326912694,2820.239898,6701.512857,No Failure
1/7/2024 13:10,Taxi,845.0412068,0.265680772,2404.748447,6000,No Failure
1/7/2024 13:20,Takeoff,942.3318498,0.362157189,2662.028514,6793.889627,No Failure
1/7/2024 13:30,Takeoff,796.4957617,0.263038966,1926.154305,7456.736866,No Failure
1/7/2024 13:40,Climb,773.7237415,0.337710039,2542.604725,7268.814951,No Failure
1/7/2024 13:50,Climb,815.4045965,0.297073719,1004.432015,7214.093124,No Failure
1/7/2024 14:00,Cruise,847.7206992,0.412605025,2406.551921,6860.003349,No Failure
1/7/2024 14:10,Taxi,862.1669725,0.294860628,1684.763378,6360.484632,No Failure
1/7/2024 14:20,Takeoff,837.9381971,0.122696753,3102.997258,7257.647161,No Failure
1/7/2024 14:30,Taxi,867.6027698,0.42619215,2888.703676,6582.859095,No Failure
1/7/2024 14:40,Descent,787.4230288,0.20942677,2733.335491,8092.048367,No Failure
1/7/2024 14:50,Takeoff,922.1882302,0.234623366,3260.503114,7285.253604,No Failure
1/7/2024 15:00,Taxi,845.8924411,0.240433871,2025.54174,6709.675849,No Failure
1/7/2024 15:10,Cruise,905.8647916,0.437443809,3373.681599,6694.307376,No Failure
1/7/2024 15:20,Cruise,867.1362673,0.1,2966.095782,6953.527897,No Failure
1/7/2024 15:30,Takeoff,872.837661,0.613774853,2381.722356,6880.249039,No Failure
1/7/2024 15:40,Descent,878.488364,0.405605681,3067.810074,7558.416888,No Failure
1/7/2024 15:50,Cruise,872.385428,0.322323891,1946.853244,7093.208085,No Failure
1/7/2024 16:00,Cruise,882.136138,0.2945106,2087.742919,6634.184131,No Failure
1/7/2024 16:10,Descent,916.4576265,0.328555407,2195.705138,7945.220343,No Failure
1/7/2024 16:20,Taxi,859.8260585,0.352112243,2235.511146,7024.654166,No Failure
1/7/2024 16:30,Cruise,885.4501879,0.364521559,1971.721179,7384.419838,No Failure
1/7/2024 16:40,Climb,845.5132153,0.355560447,3111.541534,6695.886746,No Failure
1/7/2024 16:50,Landing,922.0058608,0.308958068,2370.5728,7181.557814,No Failure
1/7/2024 17:00,Landing,816.1803849,0.280266158,2676.252484,7155.554996,No Failure
1/7/2024 17:10,Cruise,940.0470216,0.284872672,2214.824317,6055.175354,No Failure
1/7/2024 17:20,Taxi,847.9921025,0.280509172,1589.69835,8007.637555,No Failure
1/7/2024 17:30,Taxi,778.4612449,0.41337701,2635.028679,7645.32223,No Failure
1/7/2024 17:40,Takeoff,856.4052207,0.359355672,1543.872512,6801.402342,No Failure
1/7/2024 17:50,Climb,815.9474171,0.1,2465.682977,6448.86513,No Failure
1/7/2024 18:00,Taxi,892.0321774,0.365590078,1815.842481,7173.780807,No Failure
1/7/2024 18:10,Descent,817.368801,0.319473619,3493.638,7043.34885,No Failure
1/7/2024 18:20,Climb,827.6908283,0.298129124,2955.681361,7177.834474,No Failure
1/7/2024 18:30,Landing,755.5229635,0.261148155,2552.876896,7095.788698,No Failure
1/7/2024 18:40,Climb,827.384684,0.412411272,3131.853339,7253.120495,No Failure
1/7/2024 18:50,Descent,728.8060337,0.394752646,2076.842011,7723.65285,No Failure
1/7/2024 19:00,Cruise,770.8048588,0.222712233,2771.739689,7284.051603,No Failure
1/7/2024 19:10,Descent,888.0207328,0.340705229,2599.905217,6475.172251,No Failure
1/7/2024 19:20,Descent,889.2900079,0.202834327,2632.010041,7681.281426,No Failure
1/7/2024 19:30,Cruise,871.2728781,0.162038184,3136.17675,7820.307282,No Failure
1/7/2024 19:40,Cruise,801.6511928,0.237328278,2866.246051,8576.028367,No Failure
1/7/2024 19:50,Cruise,847.6144322,0.386239347,2644.361831,6438.252983,No Failure
1/7/2024 20:00,Cruise,849.819873,0.395312505,1672.556282,7121.441007,No Failure
1/7/2024 20:10,Cruise,792.0817655,0.351308542,2019.976852,6000,No Failure
1/7/2024 20:20,Descent,925.1699151,0.372509579,2438.645533,7276.574578,No Failure
1/7/2024 20:30,Takeoff,893.8681145,0.351617829,2546.686187,6725.899851,No Failure
1/7/2024 20:40,Takeoff,838.9517913,0.23585184,1934.898138,7961.722897,No Failure
1/7/2024 20:50,Taxi,851.3442919,0.343192254,3705.838338,6612.692515,No Failure
1/7/2024 21:00,Takeoff,860.4191404,0.380040953,3258.197028,6155.408481,No Failure
1/7/2024 21:10,Landing,747.9132566,0.375429133,2801.05916,6764.36813,No Failure
1/7/2024 21:20,Takeoff,837.6411309,0.418891337,2536.018431,6012.256114,No Failure
1/7/2024 21:30,Descent,815.9007876,0.370830385,2393.895515,7375.549727,No Failure
1/7/2024 21:40,Cruise,799.9189995,0.335144821,2024.04077,6000,No Failure
1/7/2024 21:50,Cruise,835.9449854,0.407015024,2538.740259,7014.228791,No Failure
1/7/2024 22:00,Descent,939.8843263,0.297347874,2628.87627,6000,No Failure
1/7/2024 22:10,Landing,882.0421431,0.211812535,1879.119712,6839.851098,No Failure
1/7/2024 22:20,Takeoff,821.4410505,0.283693304,2667.088209,7821.689078,No Failure
1/7/2024 22:30,Descent,878.6291391,0.225509736,2422.370476,7180.323946,No Failure
